Datetime,Open,High,Low,Close,Volume,Dividends,Stock Splits
2026-07-23 09:15:00+05:30,1283.0,1283.0,1278.4000244140625,1279.199951171875,0,0.0,0.0
2026-07-23 09:16:00+05:30,1279.5999755859375,1281.699951171875,1279.4000244140625,1281.699951171875,46203,0.0,0.0
2026-07-23 09:17:00+05:30,1281.0,1281.0,1280.5,1281.0,37243,0.0,0.0
2026-07-23 09:18:00+05:30,1281.0999755859375,1281.5999755859375,1280.800048828125,1281.5999755859375,35685,0.0,0.0
2026-07-23 09:19:00+05:30,1282.0,1282.0,1280.699951171875,1281.5999755859375,46376,0.0,0.0
2026-07-23 09:20:00+05:30,1280.9000244140625,1281.5999755859375,1280.5,1281.5999755859375,26405,0.0,0.0
2026-07-23 09:21:00+05:30,1282.0,1282.0,1281.300048828125,1281.5,26723,0.0,0.0
2026-07-23 09:22:00+05:30,1281.4000244140625,1282.4000244140625,1281.4000244140625,1282.0,24358,0.0,0.0
2026-07-23 09:23:00+05:30,1282.4000244140625,1282.800048828125,1282.199951171875,1282.699951171875,14101,0.0,0.0
2026-07-23 09:24:00+05:30,1283.0,1283.300048828125,1283.0,1283.199951171875,18371,0.0,0.0
2026-07-23 09:25:00+05:30,1283.4000244140625,1283.4000244140625,1282.9000244140625,1283.4000244140625,43922,0.0,0.0
2026-07-23 09:26:00+05:30,1283.300048828125,1283.699951171875,1282.5999755859375,1283.0,26326,0.0,0.0
2026-07-23 09:27:00+05:30,1282.4000244140625,1282.4000244140625,1281.300048828125,1281.4000244140625,25699,0.0,0.0
2026-07-23 09:28:00+05:30,1281.4000244140625,1281.5,1281.0,1281.5,26071,0.0,0.0
2026-07-23 09:29:00+05:30,1281.9000244140625,1282.0,1281.4000244140625,1281.4000244140625,18214,0.0,0.0
2026-07-23 09:30:00+05:30,1281.0,1281.0,1280.800048828125,1280.9000244140625,19564,0.0,0.0
2026-07-23 09:31:00+05:30,1280.9000244140625,1281.199951171875,1280.800048828125,1280.9000244140625,22359,0.0,0.0
2026-07-23 09:32:00+05:30,1281.0,1281.0,1280.199951171875,1280.300048828125,16157,0.0,0.0
2026-07-23 09:33:00+05:30,1280.5,1281.0999755859375,1280.5,1281.0999755859375,12475,0.0,0.0
2026-07-23 09:34:00+05:30,1281.0999755859375,1281.300048828125,1280.9000244140625,1281.300048828125,17102,0.0,0.0
2026-07-23 09:35:00+05:30,1281.300048828125,1281.300048828125,1280.699951171875,1280.800048828125,16060,0.0,0.0
2026-07-23 09:36:00+05:30,1280.199951171875,1280.5,1279.5999755859375,1280.199951171875,81901,0.0,0.0
2026-07-23 09:37:00+05:30,1280.300048828125,1281.0,1280.300048828125,1280.800048828125,16503,0.0,0.0
2026-07-23 09:38:00+05:30,1281.0,1281.0,1280.699951171875,1281.0,9142,0.0,0.0
2026-07-23 09:39:00+05:30,1281.0,1281.9000244140625,1280.9000244140625,1281.9000244140625,14053,0.0,0.0
2026-07-23 09:40:00+05:30,1281.199951171875,1282.5,1281.199951171875,1281.5999755859375,34987,0.0,0.0
2026-07-23 09:41:00+05:30,1281.800048828125,1282.300048828125,1281.699951171875,1282.300048828125,23487,0.0,0.0
2026-07-23 09:42:00+05:30,1282.300048828125,1282.300048828125,1281.4000244140625,1281.4000244140625,8969,0.0,0.0
2026-07-23 09:43:00+05:30,1280.9000244140625,1281.300048828125,1280.699951171875,1281.300048828125,13853,0.0,0.0
2026-07-23 09:44:00+05:30,1281.5,1281.5999755859375,1281.5,1281.5999755859375,4666,0.0,0.0
2026-07-23 09:45:00+05:30,1281.5999755859375,1282.0999755859375,1281.5999755859375,1282.0,20096,0.0,0.0
2026-07-23 09:46:00+05:30,1281.5,1281.699951171875,1281.4000244140625,1281.4000244140625,11397,0.0,0.0
2026-07-23 09:47:00+05:30,1281.4000244140625,1281.4000244140625,1280.9000244140625,1280.9000244140625,21190,0.0,0.0
2026-07-23 09:48:00+05:30,1280.4000244140625,1280.699951171875,1280.300048828125,1280.699951171875,19519,0.0,0.0
2026-07-23 09:49:00+05:30,1280.9000244140625,1281.0,1280.699951171875,1281.0,6863,0.0,0.0
2026-07-23 09:50:00+05:30,1281.0,1281.199951171875,1281.0,1281.0,10210,0.0,0.0
2026-07-23 09:51:00+05:30,1281.0999755859375,1281.699951171875,1281.0999755859375,1281.5999755859375,12895,0.0,0.0
2026-07-23 09:52:00+05:30,1281.699951171875,1281.800048828125,1281.5999755859375,1281.699951171875,8409,0.0,0.0
2026-07-23 09:53:00+05:30,1281.800048828125,1282.0,1281.5,1282.0,15931,0.0,0.0
2026-07-23 09:54:00+05:30,1282.0999755859375,1282.0999755859375,1281.699951171875,1281.9000244140625,16906,0.0,0.0
2026-07-23 09:55:00+05:30,1282.0,1283.4000244140625,1282.0,1282.9000244140625,25638,0.0,0.0
2026-07-23 09:56:00+05:30,1283.300048828125,1283.9000244140625,1283.0999755859375,1283.699951171875,21642,0.0,0.0
2026-07-23 09:57:00+05:30,1283.800048828125,1283.800048828125,1283.0999755859375,1283.199951171875,20511,0.0,0.0
2026-07-23 09:58:00+05:30,1283.199951171875,1283.4000244140625,1283.0999755859375,1283.300048828125,13395,0.0,0.0
2026-07-23 09:59:00+05:30,1283.4000244140625,1283.5999755859375,1283.4000244140625,1283.5999755859375,13006,0.0,0.0
2026-07-23 10:00:00+05:30,1283.5999755859375,1284.5,1283.5999755859375,1284.0,17735,0.0,0.0
2026-07-23 10:01:00+05:30,1284.199951171875,1284.199951171875,1284.0,1284.0,15069,0.0,0.0
2026-07-23 10:02:00+05:30,1284.0,1284.0,1283.5999755859375,1283.5999755859375,19288,0.0,0.0
2026-07-23 10:03:00+05:30,1283.699951171875,1284.199951171875,1283.5999755859375,1284.0,10961,0.0,0.0
2026-07-23 10:04:00+05:30,1284.0,1284.699951171875,1284.0,1284.699951171875,24073,0.0,0.0
2026-07-23 10:05:00+05:30,1284.699951171875,1284.699951171875,1284.0,1284.5,11247,0.0,0.0
2026-07-23 10:06:00+05:30,1284.4000244140625,1284.4000244140625,1283.699951171875,1283.800048828125,20378,0.0,0.0
2026-07-23 10:07:00+05:30,1284.199951171875,1284.199951171875,1283.699951171875,1284.0999755859375,24419,0.0,0.0
2026-07-23 10:08:00+05:30,1283.5,1283.5999755859375,1283.0,1283.199951171875,62508,0.0,0.0
2026-07-23 10:09:00+05:30,1283.0,1283.5,1282.800048828125,1283.4000244140625,17636,0.0,0.0
2026-07-23 10:10:00+05:30,1283.4000244140625,1283.5999755859375,1283.0,1283.199951171875,11699,0.0,0.0
2026-07-23 10:11:00+05:30,1283.199951171875,1283.4000244140625,1283.0,1283.0,11126,0.0,0.0
2026-07-23 10:12:00+05:30,1283.300048828125,1283.4000244140625,1282.699951171875,1282.800048828125,9904,0.0,0.0
2026-07-23 10:13:00+05:30,1282.699951171875,1282.800048828125,1282.4000244140625,1282.800048828125,9454,0.0,0.0
2026-07-23 10:14:00+05:30,1282.699951171875,1282.9000244140625,1282.5,1282.800048828125,9382,0.0,0.0
2026-07-23 10:15:00+05:30,1282.800048828125,1282.9000244140625,1282.800048828125,1282.9000244140625,5751,0.0,0.0
2026-07-23 10:16:00+05:30,1282.9000244140625,1283.4000244140625,1282.9000244140625,1283.300048828125,7944,0.0,0.0
2026-07-23 10:17:00+05:30,1283.199951171875,1283.4000244140625,1283.0999755859375,1283.300048828125,7239,0.0,0.0
2026-07-23 10:18:00+05:30,1283.4000244140625,1283.5999755859375,1283.300048828125,1283.5999755859375,13608,0.0,0.0
2026-07-23 10:19:00+05:30,1283.5999755859375,1283.699951171875,1283.4000244140625,1283.5,4406,0.0,0.0
2026-07-23 10:20:00+05:30,1283.5,1283.5,1283.300048828125,1283.4000244140625,5319,0.0,0.0
2026-07-23 10:21:00+05:30,1283.300048828125,1283.4000244140625,1282.699951171875,1283.199951171875,13586,0.0,0.0
2026-07-23 10:22:00+05:30,1283.0999755859375,1283.199951171875,1283.0,1283.0999755859375,10209,0.0,0.0
2026-07-23 10:23:00+05:30,1283.199951171875,1283.199951171875,1283.0,1283.0,7400,0.0,0.0
2026-07-23 10:24:00+05:30,1283.0999755859375,1284.5,1283.0999755859375,1284.5,17804,0.0,0.0
2026-07-23 10:25:00+05:30,1284.5,1285.9000244140625,1284.4000244140625,1285.9000244140625,32896,0.0,0.0
2026-07-23 10:26:00+05:30,1285.9000244140625,1286.5,1285.0,1285.300048828125,30940,0.0,0.0
2026-07-23 10:27:00+05:30,1285.4000244140625,1286.0999755859375,1285.300048828125,1285.5,14741,0.0,0.0
2026-07-23 10:28:00+05:30,1285.5999755859375,1286.0999755859375,1285.5999755859375,1286.0,8769,0.0,0.0
2026-07-23 10:29:00+05:30,1286.0999755859375,1286.0999755859375,1285.5999755859375,1285.5999755859375,6388,0.0,0.0
2026-07-23 10:30:00+05:30,1285.699951171875,1285.800048828125,1285.4000244140625,1285.4000244140625,15764,0.0,0.0
2026-07-23 10:31:00+05:30,1285.199951171875,1285.199951171875,1284.9000244140625,1284.9000244140625,8780,0.0,0.0
2026-07-23 10:32:00+05:30,1284.800048828125,1285.0,1284.5,1284.699951171875,12742,0.0,0.0
2026-07-23 10:33:00+05:30,1284.699951171875,1285.0,1284.5,1285.0,4812,0.0,0.0
2026-07-23 10:34:00+05:30,1284.9000244140625,1285.0,1284.5999755859375,1285.0,7592,0.0,0.0
2026-07-23 10:35:00+05:30,1285.0,1285.199951171875,1284.9000244140625,1285.199951171875,13702,0.0,0.0
2026-07-23 10:36:00+05:30,1285.199951171875,1285.199951171875,1285.0999755859375,1285.0999755859375,7052,0.0,0.0
2026-07-23 10:37:00+05:30,1285.0,1285.0999755859375,1285.0,1285.0999755859375,4748,0.0,0.0
2026-07-23 10:38:00+05:30,1285.0999755859375,1285.5,1285.0999755859375,1285.5,11595,0.0,0.0
2026-07-23 10:39:00+05:30,1285.5,1285.800048828125,1285.5,1285.800048828125,8776,0.0,0.0
2026-07-23 10:40:00+05:30,1285.9000244140625,1286.4000244140625,1285.9000244140625,1286.300048828125,16066,0.0,0.0
2026-07-23 10:41:00+05:30,1286.199951171875,1286.800048828125,1286.199951171875,1286.5,15561,0.0,0.0
2026-07-23 10:42:00+05:30,1286.5,1286.5999755859375,1286.0,1286.5,13307,0.0,0.0
2026-07-23 10:43:00+05:30,1286.5,1286.5,1286.300048828125,1286.4000244140625,8846,0.0,0.0
2026-07-23 10:44:00+05:30,1286.4000244140625,1287.0,1286.4000244140625,1287.0,13709,0.0,0.0
2026-07-23 10:45:00+05:30,1287.0,1287.300048828125,1286.5,1286.5999755859375,13521,0.0,0.0
2026-07-23 10:46:00+05:30,1286.5999755859375,1286.5999755859375,1286.199951171875,1286.300048828125,18309,0.0,0.0
2026-07-23 10:47:00+05:30,1286.199951171875,1286.300048828125,1286.0,1286.0999755859375,5903,0.0,0.0
2026-07-23 10:48:00+05:30,1286.0,1286.4000244140625,1286.0,1286.0999755859375,13316,0.0,0.0
2026-07-23 10:49:00+05:30,1286.300048828125,1286.699951171875,1286.0999755859375,1286.0999755859375,10980,0.0,0.0
2026-07-23 10:50:00+05:30,1286.0999755859375,1286.300048828125,1285.699951171875,1285.800048828125,14681,0.0,0.0
2026-07-23 10:51:00+05:30,1285.800048828125,1286.0,1285.5999755859375,1285.800048828125,11128,0.0,0.0
2026-07-23 10:52:00+05:30,1285.9000244140625,1285.9000244140625,1285.4000244140625,1285.800048828125,6928,0.0,0.0
2026-07-23 10:53:00+05:30,1285.800048828125,1285.800048828125,1285.0,1285.199951171875,28528,0.0,0.0
2026-07-23 10:54:00+05:30,1285.199951171875,1285.199951171875,1284.5999755859375,1284.9000244140625,6781,0.0,0.0
2026-07-23 10:55:00+05:30,1284.800048828125,1284.800048828125,1284.0,1284.199951171875,12578,0.0,0.0
2026-07-23 10:56:00+05:30,1284.300048828125,1284.5,1284.0,1284.5,6085,0.0,0.0
2026-07-23 10:57:00+05:30,1284.5,1284.5999755859375,1284.4000244140625,1284.5,8501,0.0,0.0
2026-07-23 10:58:00+05:30,1284.5,1284.800048828125,1284.5,1284.5,12003,0.0,0.0
2026-07-23 10:59:00+05:30,1284.5999755859375,1285.0,1284.5999755859375,1284.9000244140625,6126,0.0,0.0
2026-07-23 11:00:00+05:30,1284.800048828125,1285.0,1284.800048828125,1285.0,6021,0.0,0.0
2026-07-23 11:01:00+05:30,1285.0,1285.0,1284.9000244140625,1284.9000244140625,5661,0.0,0.0
2026-07-23 11:02:00+05:30,1284.9000244140625,1285.0,1284.5999755859375,1284.9000244140625,8162,0.0,0.0
2026-07-23 11:03:00+05:30,1285.0,1285.0,1284.800048828125,1285.0,7306,0.0,0.0
2026-07-23 11:04:00+05:30,1284.9000244140625,1285.0,1284.800048828125,1284.9000244140625,9792,0.0,0.0
2026-07-23 11:05:00+05:30,1284.9000244140625,1285.0,1284.9000244140625,1284.9000244140625,4851,0.0,0.0
2026-07-23 11:06:00+05:30,1284.9000244140625,1285.0,1284.9000244140625,1284.9000244140625,10901,0.0,0.0
2026-07-23 11:07:00+05:30,1284.9000244140625,1285.0,1284.800048828125,1284.9000244140625,9535,0.0,0.0
2026-07-23 11:08:00+05:30,1284.800048828125,1284.800048828125,1284.5,1284.5,12413,0.0,0.0
2026-07-23 11:09:00+05:30,1284.5999755859375,1284.9000244140625,1284.5,1284.9000244140625,9868,0.0,0.0
2026-07-23 11:10:00+05:30,1284.699951171875,1284.800048828125,1284.5,1284.699951171875,7261,0.0,0.0
2026-07-23 11:11:00+05:30,1284.800048828125,1284.9000244140625,1284.699951171875,1284.699951171875,6982,0.0,0.0
2026-07-23 11:12:00+05:30,1284.800048828125,1284.9000244140625,1284.300048828125,1284.4000244140625,5550,0.0,0.0
2026-07-23 11:13:00+05:30,1284.4000244140625,1284.5,1283.5999755859375,1284.4000244140625,34730,0.0,0.0
2026-07-23 11:14:00+05:30,1284.699951171875,1285.0999755859375,1284.0,1284.800048828125,92785,0.0,0.0
2026-07-23 11:15:00+05:30,1285.0,1285.800048828125,1284.800048828125,1285.4000244140625,25246,0.0,0.0
2026-07-23 11:16:00+05:30,1285.4000244140625,1286.699951171875,1284.9000244140625,1285.5,57378,0.0,0.0
2026-07-23 11:17:00+05:30,1285.4000244140625,1286.0,1285.0999755859375,1285.4000244140625,50141,0.0,0.0
2026-07-23 11:18:00+05:30,1285.5,1285.5,1284.0,1284.0,30720,0.0,0.0
2026-07-23 11:19:00+05:30,1284.199951171875,1285.4000244140625,1284.199951171875,1285.199951171875,109321,0.0,0.0
2026-07-23 11:20:00+05:30,1285.199951171875,1285.699951171875,1284.0999755859375,1284.9000244140625,129368,0.0,0.0
2026-07-23 11:21:00+05:30,1284.9000244140625,1285.0,1284.0,1284.0,26761,0.0,0.0
2026-07-23 11:22:00+05:30,1284.0,1284.199951171875,1283.199951171875,1283.5,23878,0.0,0.0
2026-07-23 11:23:00+05:30,1283.4000244140625,1283.699951171875,1283.0999755859375,1283.0999755859375,10146,0.0,0.0
2026-07-23 11:24:00+05:30,1283.300048828125,1283.5,1282.800048828125,1282.800048828125,12250,0.0,0.0
2026-07-23 11:25:00+05:30,1282.9000244140625,1283.0,1282.699951171875,1283.0,7584,0.0,0.0
2026-07-23 11:26:00+05:30,1282.5999755859375,1283.0999755859375,1282.5,1282.699951171875,9686,0.0,0.0
2026-07-23 11:27:00+05:30,1283.0999755859375,1283.0999755859375,1282.0,1282.4000244140625,33543,0.0,0.0
2026-07-23 11:28:00+05:30,1282.5,1282.5,1281.5999755859375,1282.0999755859375,39722,0.0,0.0
2026-07-23 11:29:00+05:30,1282.0999755859375,1282.300048828125,1282.0999755859375,1282.199951171875,14179,0.0,0.0
2026-07-23 11:30:00+05:30,1282.199951171875,1282.300048828125,1282.199951171875,1282.300048828125,9888,0.0,0.0
2026-07-23 11:31:00+05:30,1282.300048828125,1283.199951171875,1282.199951171875,1283.199951171875,80860,0.0,0.0
2026-07-23 11:32:00+05:30,1283.0,1283.5999755859375,1282.699951171875,1283.199951171875,79648,0.0,0.0
2026-07-23 11:33:00+05:30,1283.300048828125,1283.5999755859375,1282.5,1283.4000244140625,75503,0.0,0.0
2026-07-23 11:34:00+05:30,1283.4000244140625,1284.5,1283.300048828125,1284.5,15163,0.0,0.0
2026-07-23 11:35:00+05:30,1284.300048828125,1284.300048828125,1283.5,1283.800048828125,10314,0.0,0.0
2026-07-23 11:36:00+05:30,1283.9000244140625,1284.199951171875,1283.5999755859375,1283.5999755859375,4384,0.0,0.0
2026-07-23 11:37:00+05:30,1283.800048828125,1283.800048828125,1281.5,1281.9000244140625,21053,0.0,0.0
2026-07-23 11:38:00+05:30,1281.800048828125,1281.9000244140625,1281.5,1281.800048828125,7047,0.0,0.0
2026-07-23 11:39:00+05:30,1281.800048828125,1281.800048828125,1281.5,1281.699951171875,4888,0.0,0.0
2026-07-23 11:40:00+05:30,1281.5,1281.699951171875,1281.300048828125,1281.699951171875,11624,0.0,0.0
2026-07-23 11:41:00+05:30,1281.699951171875,1282.0999755859375,1281.4000244140625,1282.0999755859375,29069,0.0,0.0
2026-07-23 11:42:00+05:30,1281.800048828125,1282.0999755859375,1281.699951171875,1282.0999755859375,14368,0.0,0.0
2026-07-23 11:43:00+05:30,1282.199951171875,1282.5999755859375,1282.0,1282.199951171875,6624,0.0,0.0
2026-07-23 11:44:00+05:30,1282.199951171875,1282.300048828125,1282.0,1282.199951171875,5715,0.0,0.0
2026-07-23 11:45:00+05:30,1282.0999755859375,1282.199951171875,1282.0,1282.0,6488,0.0,0.0
2026-07-23 11:46:00+05:30,1282.0,1282.199951171875,1281.5,1281.9000244140625,13028,0.0,0.0
2026-07-23 11:47:00+05:30,1281.9000244140625,1281.9000244140625,1281.800048828125,1281.800048828125,8528,0.0,0.0
2026-07-23 11:48:00+05:30,1281.800048828125,1282.0,1281.800048828125,1282.0,16749,0.0,0.0
2026-07-23 11:49:00+05:30,1282.0999755859375,1283.0999755859375,1282.0,1282.0999755859375,100893,0.0,0.0
2026-07-23 11:50:00+05:30,1282.0999755859375,1282.199951171875,1281.5999755859375,1281.9000244140625,21563,0.0,0.0
2026-07-23 11:51:00+05:30,1281.800048828125,1281.9000244140625,1281.5999755859375,1281.800048828125,7818,0.0,0.0
2026-07-23 11:52:00+05:30,1281.800048828125,1281.9000244140625,1281.5,1281.5999755859375,8345,0.0,0.0
2026-07-23 11:53:00+05:30,1281.5999755859375,1281.5999755859375,1280.300048828125,1280.300048828125,44609,0.0,0.0
2026-07-23 11:54:00+05:30,1280.4000244140625,1280.699951171875,1280.4000244140625,1280.5999755859375,10560,0.0,0.0
2026-07-23 11:55:00+05:30,1280.5,1281.0,1280.5,1281.0,8881,0.0,0.0
2026-07-23 11:56:00+05:30,1280.9000244140625,1281.0,1280.5999755859375,1280.5999755859375,16302,0.0,0.0
2026-07-23 11:57:00+05:30,1280.699951171875,1280.699951171875,1280.5,1280.5999755859375,12119,0.0,0.0
2026-07-23 11:58:00+05:30,1280.5999755859375,1280.9000244140625,1280.4000244140625,1280.800048828125,24049,0.0,0.0
2026-07-23 11:59:00+05:30,1280.5999755859375,1280.9000244140625,1280.5,1280.5,13842,0.0,0.0
2026-07-23 12:00:00+05:30,1280.5,1281.5,1280.5,1281.4000244140625,21704,0.0,0.0
2026-07-23 12:01:00+05:30,1281.300048828125,1281.4000244140625,1280.300048828125,1280.300048828125,20085,0.0,0.0
2026-07-23 12:02:00+05:30,1280.300048828125,1281.199951171875,1279.9000244140625,1281.0,101488,0.0,0.0
2026-07-23 12:03:00+05:30,1281.0999755859375,1281.4000244140625,1281.0,1281.300048828125,8358,0.0,0.0
2026-07-23 12:04:00+05:30,1281.4000244140625,1281.5,1280.9000244140625,1280.9000244140625,8260,0.0,0.0
2026-07-23 12:05:00+05:30,1281.0999755859375,1281.0999755859375,1280.5,1280.699951171875,6152,0.0,0.0
2026-07-23 12:06:00+05:30,1280.800048828125,1280.800048828125,1280.4000244140625,1280.699951171875,6432,0.0,0.0
2026-07-23 12:07:00+05:30,1280.5999755859375,1280.699951171875,1280.5999755859375,1280.699951171875,9121,0.0,0.0
2026-07-23 12:08:00+05:30,1280.699951171875,1281.0,1280.4000244140625,1281.0,17091,0.0,0.0
2026-07-23 12:09:00+05:30,1280.9000244140625,1281.4000244140625,1280.9000244140625,1281.4000244140625,10673,0.0,0.0
2026-07-23 12:10:00+05:30,1281.5,1281.5999755859375,1280.300048828125,1280.300048828125,14671,0.0,0.0
2026-07-23 12:11:00+05:30,1280.5999755859375,1280.5999755859375,1280.0,1280.300048828125,33201,0.0,0.0
2026-07-23 12:12:00+05:30,1280.300048828125,1280.5999755859375,1279.5999755859375,1279.800048828125,34594,0.0,0.0
2026-07-23 12:13:00+05:30,1279.800048828125,1280.4000244140625,1279.5,1279.5,13464,0.0,0.0
2026-07-23 12:14:00+05:30,1279.5999755859375,1279.5999755859375,1279.0999755859375,1279.4000244140625,38958,0.0,0.0
2026-07-23 12:15:00+05:30,1279.300048828125,1279.5999755859375,1279.0999755859375,1279.5999755859375,14975,0.0,0.0
2026-07-23 12:16:00+05:30,1279.5999755859375,1280.4000244140625,1279.5,1280.300048828125,27076,0.0,0.0
2026-07-23 12:17:00+05:30,1279.5999755859375,1280.300048828125,1279.5999755859375,1280.0,53451,0.0,0.0
2026-07-23 12:18:00+05:30,1280.0,1280.300048828125,1279.699951171875,1279.800048828125,9823,0.0,0.0
2026-07-23 12:19:00+05:30,1279.9000244140625,1280.0999755859375,1279.800048828125,1279.9000244140625,9000,0.0,0.0
2026-07-23 12:20:00+05:30,1279.800048828125,1280.0999755859375,1279.800048828125,1280.0,9283,0.0,0.0
2026-07-23 12:21:00+05:30,1280.0,1280.0999755859375,1279.800048828125,1279.800048828125,11209,0.0,0.0
2026-07-23 12:22:00+05:30,1280.0,1280.0999755859375,1279.800048828125,1279.9000244140625,12068,0.0,0.0
2026-07-23 12:23:00+05:30,1280.0,1280.0,1279.800048828125,1280.0,7771,0.0,0.0
2026-07-23 12:24:00+05:30,1279.800048828125,1280.0,1279.5,1279.5,12712,0.0,0.0
2026-07-23 12:25:00+05:30,1279.4000244140625,1279.5,1279.199951171875,1279.4000244140625,5046,0.0,0.0
2026-07-23 12:26:00+05:30,1279.0999755859375,1279.4000244140625,1279.0999755859375,1279.300048828125,10719,0.0,0.0
2026-07-23 12:27:00+05:30,1279.0999755859375,1279.199951171875,1279.0999755859375,1279.0999755859375,7194,0.0,0.0
2026-07-23 12:28:00+05:30,1279.199951171875,1279.199951171875,1279.0999755859375,1279.0999755859375,9673,0.0,0.0
2026-07-23 12:29:00+05:30,1279.0999755859375,1279.0999755859375,1279.0,1279.0999755859375,11791,0.0,0.0
2026-07-23 12:30:00+05:30,1279.0999755859375,1279.0999755859375,1278.0999755859375,1278.0999755859375,25516,0.0,0.0
2026-07-23 12:31:00+05:30,1278.0,1278.0999755859375,1277.0999755859375,1277.9000244140625,61567,0.0,0.0
2026-07-23 12:32:00+05:30,1278.0,1278.0,1277.0,1277.4000244140625,55768,0.0,0.0
2026-07-23 12:33:00+05:30,1277.4000244140625,1278.0,1277.4000244140625,1277.9000244140625,41994,0.0,0.0
2026-07-23 12:34:00+05:30,1277.9000244140625,1278.4000244140625,1277.9000244140625,1277.9000244140625,30389,0.0,0.0
2026-07-23 12:35:00+05:30,1278.0999755859375,1278.199951171875,1277.0999755859375,1277.5,19340,0.0,0.0
2026-07-23 12:36:00+05:30,1277.5,1277.5,1276.199951171875,1277.0,46914,0.0,0.0
2026-07-23 12:37:00+05:30,1277.0999755859375,1277.0999755859375,1276.800048828125,1277.0999755859375,9496,0.0,0.0
2026-07-23 12:38:00+05:30,1277.199951171875,1277.5,1277.0999755859375,1277.4000244140625,17076,0.0,0.0
2026-07-23 12:39:00+05:30,1277.4000244140625,1277.4000244140625,1276.5999755859375,1276.9000244140625,19482,0.0,0.0
2026-07-23 12:40:00+05:30,1276.9000244140625,1276.9000244140625,1276.0,1276.0,26849,0.0,0.0
2026-07-23 12:41:00+05:30,1275.800048828125,1276.0,1275.5,1276.0,20421,0.0,0.0
2026-07-23 12:42:00+05:30,1276.0,1276.0,1275.199951171875,1275.4000244140625,19802,0.0,0.0
2026-07-23 12:43:00+05:30,1275.300048828125,1275.699951171875,1275.0,1275.300048828125,70316,0.0,0.0
2026-07-23 12:44:00+05:30,1275.0,1276.0,1275.0,1275.699951171875,25977,0.0,0.0
2026-07-23 12:45:00+05:30,1275.699951171875,1276.0,1275.5999755859375,1275.800048828125,17519,0.0,0.0
2026-07-23 12:46:00+05:30,1275.800048828125,1275.9000244140625,1275.5,1275.699951171875,34067,0.0,0.0
2026-07-23 12:47:00+05:30,1275.699951171875,1276.300048828125,1275.5999755859375,1275.9000244140625,89550,0.0,0.0
2026-07-23 12:48:00+05:30,1275.9000244140625,1276.0,1275.4000244140625,1275.699951171875,19403,0.0,0.0
2026-07-23 12:49:00+05:30,1275.5999755859375,1275.699951171875,1275.0,1275.300048828125,17787,0.0,0.0
2026-07-23 12:50:00+05:30,1275.300048828125,1275.300048828125,1275.0,1275.0999755859375,28999,0.0,0.0
2026-07-23 12:51:00+05:30,1275.0999755859375,1275.4000244140625,1275.0,1275.199951171875,25976,0.0,0.0
2026-07-23 12:52:00+05:30,1275.300048828125,1275.300048828125,1274.9000244140625,1275.199951171875,24839,0.0,0.0
2026-07-23 12:53:00+05:30,1275.199951171875,1275.4000244140625,1275.0,1275.300048828125,15615,0.0,0.0
2026-07-23 12:54:00+05:30,1275.300048828125,1276.4000244140625,1275.300048828125,1276.4000244140625,25109,0.0,0.0
2026-07-23 12:55:00+05:30,1276.300048828125,1276.800048828125,1276.0,1276.699951171875,16021,0.0,0.0
2026-07-23 12:56:00+05:30,1276.699951171875,1276.699951171875,1275.5999755859375,1276.0,32613,0.0,0.0
2026-07-23 12:57:00+05:30,1275.5999755859375,1276.5,1275.5999755859375,1276.5,52040,0.0,0.0
2026-07-23 12:58:00+05:30,1276.699951171875,1276.800048828125,1276.4000244140625,1276.800048828125,12022,0.0,0.0
2026-07-23 12:59:00+05:30,1276.800048828125,1276.800048828125,1276.4000244140625,1276.699951171875,11118,0.0,0.0
2026-07-23 13:00:00+05:30,1276.699951171875,1276.699951171875,1275.699951171875,1276.4000244140625,46445,0.0,0.0
2026-07-23 13:01:00+05:30,1276.4000244140625,1276.4000244140625,1275.699951171875,1276.0999755859375,8776,0.0,0.0
2026-07-23 13:02:00+05:30,1276.0999755859375,1276.0999755859375,1275.5,1276.0,11308,0.0,0.0
2026-07-23 13:03:00+05:30,1276.0,1276.4000244140625,1275.9000244140625,1276.199951171875,23210,0.0,0.0
2026-07-23 13:04:00+05:30,1276.199951171875,1276.5,1275.800048828125,1276.0,13301,0.0,0.0
2026-07-23 13:05:00+05:30,1275.9000244140625,1275.9000244140625,1275.300048828125,1275.699951171875,16214,0.0,0.0
2026-07-23 13:06:00+05:30,1275.5999755859375,1275.800048828125,1275.199951171875,1275.699951171875,16348,0.0,0.0
2026-07-23 13:07:00+05:30,1275.800048828125,1275.9000244140625,1275.4000244140625,1275.800048828125,11463,0.0,0.0
2026-07-23 13:08:00+05:30,1275.800048828125,1275.9000244140625,1275.300048828125,1275.5,11464,0.0,0.0
2026-07-23 13:09:00+05:30,1275.300048828125,1275.699951171875,1274.800048828125,1275.5,37397,0.0,0.0
2026-07-23 13:10:00+05:30,1275.4000244140625,1275.5,1274.800048828125,1275.0,9526,0.0,0.0
2026-07-23 13:11:00+05:30,1275.199951171875,1275.4000244140625,1274.9000244140625,1275.300048828125,15831,0.0,0.0
2026-07-23 13:12:00+05:30,1275.300048828125,1275.300048828125,1274.5,1274.9000244140625,24482,0.0,0.0
2026-07-23 13:13:00+05:30,1275.0,1275.199951171875,1274.5999755859375,1275.0999755859375,17333,0.0,0.0
2026-07-23 13:14:00+05:30,1275.0999755859375,1275.300048828125,1274.699951171875,1275.300048828125,20961,0.0,0.0
2026-07-23 13:15:00+05:30,1275.300048828125,1275.300048828125,1274.5999755859375,1274.9000244140625,14314,0.0,0.0
2026-07-23 13:16:00+05:30,1274.9000244140625,1274.9000244140625,1273.0,1273.4000244140625,80433,0.0,0.0
2026-07-23 13:17:00+05:30,1273.4000244140625,1274.5999755859375,1273.0,1274.5999755859375,26759,0.0,0.0
2026-07-23 13:18:00+05:30,1274.5999755859375,1274.699951171875,1273.9000244140625,1274.5999755859375,21925,0.0,0.0
2026-07-23 13:19:00+05:30,1274.800048828125,1274.800048828125,1273.699951171875,1274.300048828125,14797,0.0,0.0
2026-07-23 13:20:00+05:30,1274.199951171875,1274.699951171875,1274.0,1274.699951171875,29407,0.0,0.0
2026-07-23 13:21:00+05:30,1274.699951171875,1275.0,1274.300048828125,1274.5999755859375,17887,0.0,0.0
2026-07-23 13:22:00+05:30,1274.699951171875,1274.699951171875,1273.199951171875,1274.0999755859375,51587,0.0,0.0
2026-07-23 13:23:00+05:30,1273.699951171875,1274.300048828125,1273.5999755859375,1273.800048828125,15016,0.0,0.0
2026-07-23 13:24:00+05:30,1273.699951171875,1274.0999755859375,1273.300048828125,1274.0999755859375,42787,0.0,0.0
2026-07-23 13:25:00+05:30,1274.0999755859375,1274.800048828125,1273.4000244140625,1274.4000244140625,46002,0.0,0.0
2026-07-23 13:26:00+05:30,1274.5,1274.5,1273.699951171875,1274.0999755859375,19129,0.0,0.0
2026-07-23 13:27:00+05:30,1274.0,1274.0,1273.5999755859375,1273.800048828125,10679,0.0,0.0
2026-07-23 13:28:00+05:30,1273.800048828125,1273.800048828125,1272.0999755859375,1272.699951171875,41071,0.0,0.0
2026-07-23 13:29:00+05:30,1272.5999755859375,1272.9000244140625,1272.5,1272.9000244140625,14233,0.0,0.0
2026-07-23 13:30:00+05:30,1272.9000244140625,1273.199951171875,1272.5999755859375,1272.9000244140625,20814,0.0,0.0
2026-07-23 13:31:00+05:30,1272.9000244140625,1273.0,1272.5999755859375,1272.699951171875,8654,0.0,0.0
2026-07-23 13:32:00+05:30,1272.800048828125,1272.9000244140625,1272.5,1272.9000244140625,10870,0.0,0.0
2026-07-23 13:33:00+05:30,1272.9000244140625,1273.0,1272.800048828125,1272.9000244140625,13352,0.0,0.0
2026-07-23 13:34:00+05:30,1272.9000244140625,1272.9000244140625,1272.0999755859375,1272.5999755859375,10309,0.0,0.0
2026-07-23 13:35:00+05:30,1272.5999755859375,1272.5999755859375,1272.199951171875,1272.5,9316,0.0,0.0
2026-07-23 13:36:00+05:30,1272.4000244140625,1272.5,1272.0,1272.0,16178,0.0,0.0
2026-07-23 13:37:00+05:30,1272.300048828125,1273.199951171875,1272.0,1273.0,25418,0.0,0.0
2026-07-23 13:38:00+05:30,1273.199951171875,1273.699951171875,1272.800048828125,1273.4000244140625,31026,0.0,0.0
2026-07-23 13:39:00+05:30,1273.199951171875,1273.300048828125,1273.0999755859375,1273.300048828125,58514,0.0,0.0
2026-07-23 13:40:00+05:30,1273.300048828125,1273.300048828125,1273.0999755859375,1273.300048828125,33527,0.0,0.0
2026-07-23 13:41:00+05:30,1273.300048828125,1273.5,1273.199951171875,1273.4000244140625,30468,0.0,0.0
2026-07-23 13:42:00+05:30,1273.5,1273.5999755859375,1272.0999755859375,1272.5,67661,0.0,0.0
2026-07-23 13:43:00+05:30,1272.0,1272.4000244140625,1271.800048828125,1271.800048828125,57158,0.0,0.0
2026-07-23 13:44:00+05:30,1272.4000244140625,1272.5,1271.800048828125,1272.5,19782,0.0,0.0
2026-07-23 13:45:00+05:30,1272.800048828125,1273.199951171875,1272.5,1273.199951171875,41575,0.0,0.0
2026-07-23 13:46:00+05:30,1273.0999755859375,1273.9000244140625,1272.699951171875,1273.9000244140625,79045,0.0,0.0
2026-07-23 13:47:00+05:30,1273.9000244140625,1274.199951171875,1273.800048828125,1274.0,22199,0.0,0.0
2026-07-23 13:48:00+05:30,1274.0,1274.0,1273.800048828125,1273.9000244140625,9362,0.0,0.0
2026-07-23 13:49:00+05:30,1273.699951171875,1273.699951171875,1273.0,1273.5,13097,0.0,0.0
2026-07-23 13:50:00+05:30,1273.699951171875,1274.0,1273.5999755859375,1274.0,19062,0.0,0.0
2026-07-23 13:51:00+05:30,1273.9000244140625,1274.199951171875,1273.699951171875,1274.0999755859375,22750,0.0,0.0
2026-07-23 13:52:00+05:30,1273.800048828125,1273.9000244140625,1273.5,1273.5,12227,0.0,0.0
2026-07-23 13:53:00+05:30,1273.5,1273.699951171875,1273.5,1273.5,14358,0.0,0.0
2026-07-23 13:54:00+05:30,1273.5,1273.5999755859375,1273.199951171875,1273.199951171875,12317,0.0,0.0
2026-07-23 13:55:00+05:30,1273.0999755859375,1273.199951171875,1273.0,1273.199951171875,8677,0.0,0.0
2026-07-23 13:56:00+05:30,1273.199951171875,1273.199951171875,1272.5,1273.199951171875,27226,0.0,0.0
2026-07-23 13:57:00+05:30,1273.199951171875,1273.5999755859375,1273.0999755859375,1273.5,8955,0.0,0.0
2026-07-23 13:58:00+05:30,1273.5,1273.5,1273.0,1273.0,8175,0.0,0.0
2026-07-23 13:59:00+05:30,1273.0,1273.4000244140625,1273.0,1273.0999755859375,8952,0.0,0.0
2026-07-23 14:00:00+05:30,1273.199951171875,1273.199951171875,1273.0,1273.0,8583,0.0,0.0
2026-07-23 14:01:00+05:30,1273.199951171875,1273.199951171875,1272.699951171875,1272.9000244140625,14266,0.0,0.0
2026-07-23 14:02:00+05:30,1273.0,1273.0,1272.5,1272.699951171875,7664,0.0,0.0
2026-07-23 14:03:00+05:30,1272.800048828125,1272.800048828125,1272.5,1272.5,9970,0.0,0.0
2026-07-23 14:04:00+05:30,1272.5,1272.9000244140625,1272.4000244140625,1272.9000244140625,31025,0.0,0.0
2026-07-23 14:05:00+05:30,1272.800048828125,1273.0,1272.699951171875,1272.800048828125,9443,0.0,0.0
2026-07-23 14:06:00+05:30,1272.800048828125,1273.0,1272.800048828125,1272.9000244140625,12508,0.0,0.0
2026-07-23 14:07:00+05:30,1273.0,1273.0,1272.5,1272.5,11872,0.0,0.0
2026-07-23 14:08:00+05:30,1272.5,1272.800048828125,1272.0999755859375,1272.199951171875,27084,0.0,0.0
2026-07-23 14:09:00+05:30,1272.199951171875,1272.199951171875,1271.4000244140625,1271.699951171875,44501,0.0,0.0
2026-07-23 14:10:00+05:30,1271.699951171875,1271.9000244140625,1271.300048828125,1271.699951171875,33797,0.0,0.0
2026-07-23 14:11:00+05:30,1271.699951171875,1272.199951171875,1271.699951171875,1272.199951171875,41914,0.0,0.0
2026-07-23 14:12:00+05:30,1272.199951171875,1272.5,1272.0999755859375,1272.0999755859375,17430,0.0,0.0
2026-07-23 14:13:00+05:30,1272.0999755859375,1272.4000244140625,1271.699951171875,1271.9000244140625,22022,0.0,0.0
2026-07-23 14:14:00+05:30,1272.0,1272.4000244140625,1271.800048828125,1272.199951171875,21997,0.0,0.0
2026-07-23 14:15:00+05:30,1272.0999755859375,1272.199951171875,1271.5,1271.9000244140625,18666,0.0,0.0
2026-07-23 14:16:00+05:30,1271.9000244140625,1272.800048828125,1271.800048828125,1272.800048828125,21598,0.0,0.0
2026-07-23 14:17:00+05:30,1272.9000244140625,1273.5,1272.800048828125,1273.0999755859375,31733,0.0,0.0
2026-07-23 14:18:00+05:30,1273.0,1273.4000244140625,1272.800048828125,1273.4000244140625,17022,0.0,0.0
2026-07-23 14:19:00+05:30,1273.4000244140625,1273.5,1272.5999755859375,1272.5999755859375,14301,0.0,0.0
2026-07-23 14:20:00+05:30,1273.0,1273.199951171875,1272.5999755859375,1273.199951171875,26294,0.0,0.0
2026-07-23 14:21:00+05:30,1273.199951171875,1273.4000244140625,1273.0,1273.199951171875,36642,0.0,0.0
2026-07-23 14:22:00+05:30,1273.199951171875,1273.300048828125,1272.800048828125,1272.800048828125,31434,0.0,0.0
2026-07-23 14:23:00+05:30,1273.0,1274.0999755859375,1273.0,1274.0999755859375,39824,0.0,0.0
2026-07-23 14:24:00+05:30,1274.0999755859375,1274.199951171875,1274.0,1274.199951171875,22928,0.0,0.0
2026-07-23 14:25:00+05:30,1274.199951171875,1274.199951171875,1273.800048828125,1273.800048828125,28480,0.0,0.0
2026-07-23 14:26:00+05:30,1273.800048828125,1273.9000244140625,1273.300048828125,1273.9000244140625,26617,0.0,0.0
2026-07-23 14:27:00+05:30,1273.800048828125,1273.9000244140625,1273.5999755859375,1273.9000244140625,10579,0.0,0.0
2026-07-23 14:28:00+05:30,1273.699951171875,1273.699951171875,1273.5,1273.5,11579,0.0,0.0
2026-07-23 14:29:00+05:30,1273.5999755859375,1273.699951171875,1273.5,1273.5999755859375,14647,0.0,0.0
2026-07-23 14:30:00+05:30,1273.699951171875,1273.9000244140625,1272.5,1272.5,47392,0.0,0.0
2026-07-23 14:31:00+05:30,1272.4000244140625,1273.199951171875,1272.4000244140625,1273.199951171875,33845,0.0,0.0
2026-07-23 14:32:00+05:30,1273.199951171875,1273.5999755859375,1273.0999755859375,1273.5999755859375,13895,0.0,0.0
2026-07-23 14:33:00+05:30,1273.5999755859375,1274.9000244140625,1273.5999755859375,1274.4000244140625,45061,0.0,0.0
2026-07-23 14:34:00+05:30,1274.4000244140625,1274.699951171875,1274.199951171875,1274.699951171875,19807,0.0,0.0
2026-07-23 14:35:00+05:30,1274.5999755859375,1274.800048828125,1274.0999755859375,1274.699951171875,21136,0.0,0.0
2026-07-23 14:36:00+05:30,1274.4000244140625,1274.9000244140625,1274.0,1274.0999755859375,31340,0.0,0.0
2026-07-23 14:37:00+05:30,1274.300048828125,1274.5999755859375,1273.5999755859375,1273.800048828125,32729,0.0,0.0
2026-07-23 14:38:00+05:30,1274.199951171875,1274.5,1273.5999755859375,1273.9000244140625,40314,0.0,0.0
2026-07-23 14:39:00+05:30,1273.5999755859375,1274.0999755859375,1273.300048828125,1273.4000244140625,17279,0.0,0.0
2026-07-23 14:40:00+05:30,1273.4000244140625,1273.9000244140625,1273.4000244140625,1273.5,27074,0.0,0.0
2026-07-23 14:41:00+05:30,1273.5,1273.800048828125,1273.5,1273.800048828125,12941,0.0,0.0
2026-07-23 14:42:00+05:30,1273.5,1273.5,1272.9000244140625,1272.9000244140625,31207,0.0,0.0
2026-07-23 14:43:00+05:30,1272.9000244140625,1273.300048828125,1272.699951171875,1272.800048828125,54087,0.0,0.0
2026-07-23 14:44:00+05:30,1272.800048828125,1272.9000244140625,1272.5999755859375,1272.800048828125,41495,0.0,0.0
2026-07-23 14:45:00+05:30,1272.9000244140625,1272.9000244140625,1272.800048828125,1272.800048828125,19329,0.0,0.0
2026-07-23 14:46:00+05:30,1272.800048828125,1272.800048828125,1271.4000244140625,1271.5,38516,0.0,0.0
2026-07-23 14:47:00+05:30,1271.5,1271.5,1271.0,1271.0999755859375,48533,0.0,0.0
2026-07-23 14:48:00+05:30,1271.0999755859375,1271.0999755859375,1270.199951171875,1270.300048828125,78247,0.0,0.0
2026-07-23 14:49:00+05:30,1270.4000244140625,1270.4000244140625,1270.0999755859375,1270.300048828125,69322,0.0,0.0
2026-07-23 14:50:00+05:30,1270.199951171875,1270.300048828125,1270.0,1270.0,72633,0.0,0.0
2026-07-23 14:51:00+05:30,1270.0999755859375,1270.199951171875,1269.0999755859375,1269.699951171875,135179,0.0,0.0
2026-07-23 14:52:00+05:30,1269.699951171875,1269.9000244140625,1269.5,1269.699951171875,34455,0.0,0.0
2026-07-23 14:53:00+05:30,1269.699951171875,1269.699951171875,1268.5,1269.199951171875,55510,0.0,0.0
2026-07-23 14:54:00+05:30,1269.199951171875,1269.5999755859375,1268.699951171875,1269.0999755859375,80630,0.0,0.0
2026-07-23 14:55:00+05:30,1269.199951171875,1269.4000244140625,1268.699951171875,1269.0,54705,0.0,0.0
2026-07-23 14:56:00+05:30,1269.0,1269.199951171875,1268.4000244140625,1268.699951171875,38396,0.0,0.0
2026-07-23 14:57:00+05:30,1268.5999755859375,1268.800048828125,1268.300048828125,1268.800048828125,43901,0.0,0.0
2026-07-23 14:58:00+05:30,1268.800048828125,1269.300048828125,1268.699951171875,1269.199951171875,28368,0.0,0.0
2026-07-23 14:59:00+05:30,1269.199951171875,1269.300048828125,1268.800048828125,1269.0999755859375,25885,0.0,0.0
2026-07-23 15:00:00+05:30,1269.0999755859375,1269.800048828125,1269.0999755859375,1269.5,78152,0.0,0.0
2026-07-23 15:01:00+05:30,1269.5,1270.0,1269.4000244140625,1269.699951171875,78345,0.0,0.0
2026-07-23 15:02:00+05:30,1269.800048828125,1271.800048828125,1269.699951171875,1271.800048828125,171520,0.0,0.0
2026-07-23 15:03:00+05:30,1271.699951171875,1272.0,1268.4000244140625,1268.4000244140625,438662,0.0,0.0
2026-07-23 15:04:00+05:30,1268.0999755859375,1269.9000244140625,1268.0,1268.800048828125,199152,0.0,0.0
2026-07-23 15:05:00+05:30,1268.800048828125,1270.9000244140625,1268.800048828125,1270.5999755859375,183354,0.0,0.0
2026-07-23 15:06:00+05:30,1270.5999755859375,1271.4000244140625,1270.5999755859375,1271.300048828125,75694,0.0,0.0
2026-07-23 15:07:00+05:30,1271.199951171875,1271.199951171875,1270.5,1271.199951171875,76686,0.0,0.0
2026-07-23 15:08:00+05:30,1271.199951171875,1271.9000244140625,1271.0999755859375,1271.800048828125,86110,0.0,0.0
2026-07-23 15:09:00+05:30,1271.9000244140625,1272.5,1270.9000244140625,1271.0,278227,0.0,0.0
2026-07-23 15:10:00+05:30,1271.300048828125,1271.300048828125,1270.699951171875,1270.9000244140625,76979,0.0,0.0
2026-07-23 15:11:00+05:30,1270.9000244140625,1271.0,1270.5999755859375,1271.0,77544,0.0,0.0
2026-07-23 15:12:00+05:30,1270.9000244140625,1271.199951171875,1270.9000244140625,1271.0999755859375,71392,0.0,0.0
2026-07-23 15:13:00+05:30,1271.0999755859375,1271.5999755859375,1270.699951171875,1271.4000244140625,71779,0.0,0.0
2026-07-23 15:14:00+05:30,1271.4000244140625,1271.5,1271.0999755859375,1271.4000244140625,76622,0.0,0.0
2026-07-23 15:15:00+05:30,1271.5999755859375,1271.800048828125,1271.5999755859375,1271.699951171875,56953,0.0,0.0
2026-07-23 15:16:00+05:30,1271.800048828125,1271.800048828125,1271.4000244140625,1271.5,70920,0.0,0.0
2026-07-23 15:17:00+05:30,1271.4000244140625,1271.699951171875,1271.4000244140625,1271.5999755859375,56966,0.0,0.0
2026-07-23 15:18:00+05:30,1271.5999755859375,1272.0,1271.5999755859375,1272.0,111308,0.0,0.0
2026-07-23 15:19:00+05:30,1272.0,1272.5,1271.9000244140625,1272.4000244140625,51284,0.0,0.0
2026-07-23 15:20:00+05:30,1272.4000244140625,1272.9000244140625,1272.4000244140625,1272.699951171875,71912,0.0,0.0
2026-07-23 15:21:00+05:30,1272.800048828125,1273.300048828125,1272.800048828125,1273.0999755859375,60163,0.0,0.0
2026-07-23 15:22:00+05:30,1273.300048828125,1273.4000244140625,1271.699951171875,1272.0999755859375,155422,0.0,0.0
2026-07-23 15:23:00+05:30,1272.0999755859375,1273.0,1272.0,1273.0,88948,0.0,0.0
2026-07-23 15:24:00+05:30,1273.4000244140625,1275.800048828125,1273.0999755859375,1275.5999755859375,302219,0.0,0.0
2026-07-23 15:25:00+05:30,1275.699951171875,1276.9000244140625,1275.0999755859375,1276.0999755859375,266820,0.0,0.0
2026-07-23 15:26:00+05:30,1276.5999755859375,1277.800048828125,1276.0,1277.0,134273,0.0,0.0
2026-07-23 15:27:00+05:30,1277.0,1278.199951171875,1276.199951171875,1276.9000244140625,140864,0.0,0.0
2026-07-23 15:28:00+05:30,1276.9000244140625,1276.9000244140625,1273.0,1274.699951171875,279520,0.0,0.0
2026-07-23 15:29:00+05:30,1274.9000244140625,1274.9000244140625,1272.4000244140625,1272.5,335056,0.0,0.0
2026-07-24 09:15:00+05:30,1265.5999755859375,1267.5,1249.800048828125,1267.0,0,0.0,0.0
2026-07-24 09:16:00+05:30,1267.199951171875,1268.5,1265.5999755859375,1267.800048828125,92412,0.0,0.0
2026-07-24 09:17:00+05:30,1267.9000244140625,1268.800048828125,1267.4000244140625,1268.800048828125,48892,0.0,0.0
2026-07-24 09:18:00+05:30,1268.800048828125,1268.800048828125,1268.300048828125,1268.5,56494,0.0,0.0
2026-07-24 09:19:00+05:30,1268.5,1269.0999755859375,1268.5,1268.699951171875,37491,0.0,0.0
2026-07-24 09:20:00+05:30,1268.4000244140625,1269.5999755859375,1267.300048828125,1269.5999755859375,71233,0.0,0.0
2026-07-24 09:21:00+05:30,1269.0999755859375,1269.699951171875,1269.0999755859375,1269.300048828125,29012,0.0,0.0
2026-07-24 09:22:00+05:30,1269.5999755859375,1270.800048828125,1269.5999755859375,1270.0,69790,0.0,0.0
2026-07-24 09:23:00+05:30,1270.300048828125,1270.300048828125,1268.800048828125,1268.800048828125,50575,0.0,0.0
2026-07-24 09:24:00+05:30,1268.800048828125,1268.800048828125,1267.199951171875,1267.199951171875,29440,0.0,0.0
2026-07-24 09:25:00+05:30,1267.199951171875,1268.0,1267.199951171875,1267.4000244140625,42939,0.0,0.0
2026-07-24 09:26:00+05:30,1267.4000244140625,1267.5,1264.9000244140625,1265.0,208337,0.0,0.0
2026-07-24 09:27:00+05:30,1264.9000244140625,1265.9000244140625,1264.0999755859375,1264.9000244140625,63461,0.0,0.0
2026-07-24 09:28:00+05:30,1264.9000244140625,1265.0,1264.5,1265.0,31417,0.0,0.0
2026-07-24 09:29:00+05:30,1264.800048828125,1264.800048828125,1264.0,1264.800048828125,43414,0.0,0.0
2026-07-24 09:30:00+05:30,1264.800048828125,1265.0,1264.800048828125,1264.9000244140625,28828,0.0,0.0
2026-07-24 09:31:00+05:30,1264.5,1264.9000244140625,1264.0,1264.4000244140625,60914,0.0,0.0
2026-07-24 09:32:00+05:30,1264.0999755859375,1264.5,1263.800048828125,1264.0,36112,0.0,0.0
2026-07-24 09:33:00+05:30,1264.199951171875,1265.0,1264.199951171875,1265.0,43529,0.0,0.0
2026-07-24 09:34:00+05:30,1265.0,1265.0,1263.9000244140625,1263.9000244140625,29911,0.0,0.0
2026-07-24 09:35:00+05:30,1263.9000244140625,1265.0,1263.9000244140625,1265.0,17674,0.0,0.0
2026-07-24 09:36:00+05:30,1265.0,1265.0,1264.0,1264.4000244140625,27297,0.0,0.0
2026-07-24 09:37:00+05:30,1264.300048828125,1264.800048828125,1264.0999755859375,1264.5,23835,0.0,0.0
2026-07-24 09:38:00+05:30,1264.5999755859375,1265.0,1264.300048828125,1264.5,15559,0.0,0.0
2026-07-24 09:39:00+05:30,1264.699951171875,1265.0,1264.5,1264.9000244140625,22560,0.0,0.0
2026-07-24 09:40:00+05:30,1264.9000244140625,1265.300048828125,1264.800048828125,1265.0,77600,0.0,0.0
2026-07-24 09:41:00+05:30,1265.4000244140625,1266.0,1265.0999755859375,1266.0,55124,0.0,0.0
2026-07-24 09:42:00+05:30,1266.0,1266.0999755859375,1265.0,1265.199951171875,31960,0.0,0.0
2026-07-24 09:43:00+05:30,1265.300048828125,1266.0,1265.0999755859375,1265.699951171875,10335,0.0,0.0
2026-07-24 09:44:00+05:30,1265.699951171875,1266.9000244140625,1265.5999755859375,1266.800048828125,15511,0.0,0.0
2026-07-24 09:45:00+05:30,1266.5999755859375,1267.0,1266.5,1266.5999755859375,15955,0.0,0.0
2026-07-24 09:46:00+05:30,1266.800048828125,1267.0,1265.5999755859375,1265.5999755859375,30351,0.0,0.0
2026-07-24 09:47:00+05:30,1265.5999755859375,1265.9000244140625,1265.4000244140625,1265.9000244140625,22134,0.0,0.0
2026-07-24 09:48:00+05:30,1265.9000244140625,1266.0,1265.699951171875,1265.699951171875,10058,0.0,0.0
2026-07-24 09:49:00+05:30,1265.800048828125,1266.300048828125,1265.5999755859375,1266.300048828125,17106,0.0,0.0
2026-07-24 09:50:00+05:30,1266.5,1266.5,1265.9000244140625,1266.0,12188,0.0,0.0
2026-07-24 09:51:00+05:30,1266.0,1266.300048828125,1266.0,1266.0999755859375,12963,0.0,0.0
2026-07-24 09:52:00+05:30,1266.300048828125,1266.300048828125,1265.9000244140625,1266.300048828125,20599,0.0,0.0
2026-07-24 09:53:00+05:30,1266.300048828125,1268.9000244140625,1266.300048828125,1268.699951171875,40977,0.0,0.0
2026-07-24 09:54:00+05:30,1268.5,1268.9000244140625,1268.0,1268.199951171875,16712,0.0,0.0
2026-07-24 09:55:00+05:30,1268.0999755859375,1268.5,1268.0999755859375,1268.5,12302,0.0,0.0
2026-07-24 09:56:00+05:30,1268.5,1268.5999755859375,1267.300048828125,1267.5999755859375,30778,0.0,0.0
2026-07-24 09:57:00+05:30,1267.5999755859375,1268.0,1267.4000244140625,1267.699951171875,12656,0.0,0.0
2026-07-24 09:58:00+05:30,1267.699951171875,1267.699951171875,1266.699951171875,1266.9000244140625,18763,0.0,0.0
2026-07-24 09:59:00+05:30,1266.699951171875,1267.199951171875,1266.699951171875,1267.199951171875,12536,0.0,0.0
2026-07-24 10:00:00+05:30,1267.199951171875,1267.4000244140625,1266.800048828125,1267.300048828125,36613,0.0,0.0
2026-07-24 10:01:00+05:30,1267.199951171875,1267.199951171875,1266.5,1266.9000244140625,19976,0.0,0.0
2026-07-24 10:02:00+05:30,1266.9000244140625,1267.0,1266.5,1266.5,14551,0.0,0.0
2026-07-24 10:03:00+05:30,1266.5999755859375,1266.5999755859375,1265.9000244140625,1266.0,30061,0.0,0.0
2026-07-24 10:04:00+05:30,1266.0,1266.4000244140625,1266.0,1266.300048828125,6686,0.0,0.0
2026-07-24 10:05:00+05:30,1266.300048828125,1266.699951171875,1266.199951171875,1266.5,12837,0.0,0.0
2026-07-24 10:06:00+05:30,1266.5,1266.699951171875,1266.5,1266.5,12152,0.0,0.0
2026-07-24 10:07:00+05:30,1266.5999755859375,1267.5999755859375,1266.5,1267.5,17628,0.0,0.0
2026-07-24 10:08:00+05:30,1267.5,1268.0,1267.5,1267.9000244140625,9853,0.0,0.0
2026-07-24 10:09:00+05:30,1267.9000244140625,1267.9000244140625,1267.5,1267.5999755859375,9434,0.0,0.0
2026-07-24 10:10:00+05:30,1267.5,1267.699951171875,1267.4000244140625,1267.4000244140625,13619,0.0,0.0
2026-07-24 10:11:00+05:30,1267.5999755859375,1267.699951171875,1267.5,1267.699951171875,14250,0.0,0.0
2026-07-24 10:12:00+05:30,1267.699951171875,1268.5,1267.5999755859375,1268.5,51721,0.0,0.0
2026-07-24 10:13:00+05:30,1268.5,1268.699951171875,1268.4000244140625,1268.699951171875,12496,0.0,0.0
2026-07-24 10:14:00+05:30,1268.699951171875,1268.699951171875,1268.300048828125,1268.699951171875,12109,0.0,0.0
2026-07-24 10:15:00+05:30,1268.5999755859375,1268.800048828125,1267.9000244140625,1268.4000244140625,27031,0.0,0.0
2026-07-24 10:16:00+05:30,1268.4000244140625,1269.5,1268.300048828125,1269.5,22076,0.0,0.0
2026-07-24 10:17:00+05:30,1269.4000244140625,1269.9000244140625,1269.4000244140625,1269.9000244140625,10765,0.0,0.0
2026-07-24 10:18:00+05:30,1269.800048828125,1269.9000244140625,1269.0999755859375,1269.300048828125,19997,0.0,0.0
2026-07-24 10:19:00+05:30,1269.300048828125,1269.300048828125,1269.199951171875,1269.300048828125,11588,0.0,0.0
2026-07-24 10:20:00+05:30,1269.300048828125,1269.300048828125,1268.9000244140625,1269.0999755859375,42993,0.0,0.0
2026-07-24 10:21:00+05:30,1269.300048828125,1269.300048828125,1268.800048828125,1269.0,13423,0.0,0.0
2026-07-24 10:22:00+05:30,1268.800048828125,1270.0,1268.699951171875,1269.699951171875,20017,0.0,0.0
2026-07-24 10:23:00+05:30,1269.699951171875,1269.699951171875,1269.199951171875,1269.5999755859375,8629,0.0,0.0
2026-07-24 10:24:00+05:30,1269.5999755859375,1270.5,1269.5999755859375,1270.0999755859375,25767,0.0,0.0
2026-07-24 10:25:00+05:30,1270.199951171875,1270.5999755859375,1270.0999755859375,1270.4000244140625,15745,0.0,0.0
2026-07-24 10:26:00+05:30,1270.5,1271.0,1270.4000244140625,1271.0,18916,0.0,0.0
2026-07-24 10:27:00+05:30,1271.0,1272.0,1270.9000244140625,1271.5999755859375,55024,0.0,0.0
2026-07-24 10:28:00+05:30,1271.800048828125,1271.800048828125,1271.0999755859375,1271.5999755859375,19426,0.0,0.0
2026-07-24 10:29:00+05:30,1271.5,1271.699951171875,1271.300048828125,1271.4000244140625,15011,0.0,0.0
2026-07-24 10:30:00+05:30,1271.4000244140625,1271.9000244140625,1271.300048828125,1271.5999755859375,18418,0.0,0.0
2026-07-24 10:31:00+05:30,1271.5999755859375,1271.699951171875,1271.0999755859375,1271.0999755859375,15028,0.0,0.0
2026-07-24 10:32:00+05:30,1271.0,1271.0999755859375,1270.699951171875,1270.800048828125,27615,0.0,0.0
2026-07-24 10:33:00+05:30,1270.800048828125,1271.300048828125,1270.5999755859375,1271.0999755859375,16621,0.0,0.0
2026-07-24 10:34:00+05:30,1271.0999755859375,1271.0999755859375,1270.4000244140625,1270.5,14217,0.0,0.0
2026-07-24 10:35:00+05:30,1270.5,1271.0,1270.199951171875,1270.9000244140625,13696,0.0,0.0
2026-07-24 10:36:00+05:30,1270.9000244140625,1271.0,1270.5999755859375,1271.0,13642,0.0,0.0
2026-07-24 10:37:00+05:30,1271.0,1271.4000244140625,1271.0,1271.0999755859375,18464,0.0,0.0
2026-07-24 10:38:00+05:30,1271.0999755859375,1271.300048828125,1271.0999755859375,1271.300048828125,7124,0.0,0.0
2026-07-24 10:39:00+05:30,1271.300048828125,1271.800048828125,1271.300048828125,1271.800048828125,18354,0.0,0.0
2026-07-24 10:40:00+05:30,1271.800048828125,1271.800048828125,1271.0999755859375,1271.4000244140625,11758,0.0,0.0
2026-07-24 10:41:00+05:30,1271.300048828125,1271.5999755859375,1271.300048828125,1271.5,5942,0.0,0.0
2026-07-24 10:42:00+05:30,1271.5,1271.5999755859375,1271.300048828125,1271.300048828125,10065,0.0,0.0
2026-07-24 10:43:00+05:30,1271.4000244140625,1271.4000244140625,1270.300048828125,1270.9000244140625,28500,0.0,0.0
2026-07-24 10:44:00+05:30,1270.800048828125,1270.9000244140625,1270.5,1270.5999755859375,10142,0.0,0.0
2026-07-24 10:45:00+05:30,1270.5999755859375,1271.800048828125,1270.5999755859375,1271.4000244140625,24687,0.0,0.0
2026-07-24 10:46:00+05:30,1271.699951171875,1273.0,1271.699951171875,1272.699951171875,81829,0.0,0.0
2026-07-24 10:47:00+05:30,1272.699951171875,1273.199951171875,1272.300048828125,1272.800048828125,20285,0.0,0.0
2026-07-24 10:48:00+05:30,1272.699951171875,1273.0,1272.300048828125,1272.800048828125,18579,0.0,0.0
2026-07-24 10:49:00+05:30,1272.800048828125,1273.0,1272.699951171875,1272.9000244140625,11177,0.0,0.0
2026-07-24 10:50:00+05:30,1272.9000244140625,1273.699951171875,1272.9000244140625,1273.699951171875,15885,0.0,0.0
2026-07-24 10:51:00+05:30,1273.699951171875,1274.4000244140625,1273.699951171875,1274.0999755859375,48056,0.0,0.0
2026-07-24 10:52:00+05:30,1274.0999755859375,1274.199951171875,1273.800048828125,1273.800048828125,55583,0.0,0.0
2026-07-24 10:53:00+05:30,1273.800048828125,1273.800048828125,1273.199951171875,1273.4000244140625,15502,0.0,0.0
2026-07-24 10:54:00+05:30,1273.4000244140625,1273.4000244140625,1273.0,1273.199951171875,13739,0.0,0.0
2026-07-24 10:55:00+05:30,1273.199951171875,1273.5999755859375,1273.0,1273.5999755859375,14981,0.0,0.0
2026-07-24 10:56:00+05:30,1273.5999755859375,1273.5999755859375,1272.9000244140625,1273.5999755859375,20900,0.0,0.0
2026-07-24 10:57:00+05:30,1273.5999755859375,1273.5999755859375,1272.9000244140625,1273.0,13087,0.0,0.0
2026-07-24 10:58:00+05:30,1273.0,1273.0,1272.699951171875,1273.0,16423,0.0,0.0
2026-07-24 10:59:00+05:30,1273.0,1273.0999755859375,1272.9000244140625,1273.0999755859375,9273,0.0,0.0
2026-07-24 11:00:00+05:30,1273.0999755859375,1273.5,1273.0999755859375,1273.300048828125,16573,0.0,0.0
2026-07-24 11:01:00+05:30,1273.4000244140625,1273.4000244140625,1273.300048828125,1273.4000244140625,5942,0.0,0.0
2026-07-24 11:02:00+05:30,1273.4000244140625,1273.4000244140625,1273.0,1273.199951171875,13735,0.0,0.0
2026-07-24 11:03:00+05:30,1273.199951171875,1273.199951171875,1272.9000244140625,1273.0,17030,0.0,0.0
2026-07-24 11:04:00+05:30,1273.0,1273.5,1272.9000244140625,1273.5,35933,0.0,0.0
2026-07-24 11:05:00+05:30,1273.5,1273.5999755859375,1273.5,1273.5,7840,0.0,0.0
2026-07-24 11:06:00+05:30,1273.5,1273.800048828125,1273.300048828125,1273.699951171875,8424,0.0,0.0
2026-07-24 11:07:00+05:30,1273.699951171875,1273.699951171875,1273.4000244140625,1273.4000244140625,6072,0.0,0.0
2026-07-24 11:08:00+05:30,1273.5999755859375,1273.699951171875,1273.300048828125,1273.5,14505,0.0,0.0
2026-07-24 11:09:00+05:30,1273.4000244140625,1273.5,1273.300048828125,1273.4000244140625,5409,0.0,0.0
2026-07-24 11:10:00+05:30,1273.300048828125,1273.4000244140625,1273.300048828125,1273.4000244140625,6547,0.0,0.0
2026-07-24 11:11:00+05:30,1273.4000244140625,1273.699951171875,1273.4000244140625,1273.699951171875,14746,0.0,0.0
2026-07-24 11:12:00+05:30,1273.699951171875,1274.5,1272.5999755859375,1274.300048828125,121729,0.0,0.0
2026-07-24 11:13:00+05:30,1274.4000244140625,1274.4000244140625,1274.0,1274.4000244140625,11595,0.0,0.0
2026-07-24 11:14:00+05:30,1274.4000244140625,1275.0,1274.199951171875,1274.5999755859375,18539,0.0,0.0
2026-07-24 11:15:00+05:30,1274.699951171875,1274.800048828125,1274.5,1274.5999755859375,9660,0.0,0.0
2026-07-24 11:16:00+05:30,1275.5999755859375,1276.5,1275.5,1276.199951171875,43321,0.0,0.0
2026-07-24 11:17:00+05:30,1276.5,1277.5,1276.300048828125,1277.5,30302,0.0,0.0
2026-07-24 11:18:00+05:30,1277.5,1278.699951171875,1277.4000244140625,1278.5,61488,0.0,0.0
2026-07-24 11:19:00+05:30,1278.4000244140625,1278.5999755859375,1278.0,1278.4000244140625,30212,0.0,0.0
2026-07-24 11:20:00+05:30,1278.300048828125,1280.800048828125,1278.0999755859375,1280.300048828125,67481,0.0,0.0
2026-07-24 11:21:00+05:30,1280.300048828125,1280.800048828125,1279.9000244140625,1280.300048828125,51662,0.0,0.0
2026-07-24 11:22:00+05:30,1280.300048828125,1281.5,1280.0999755859375,1281.5,39098,0.0,0.0
2026-07-24 11:23:00+05:30,1281.5,1281.5,1281.199951171875,1281.5,25912,0.0,0.0
2026-07-24 11:24:00+05:30,1281.4000244140625,1281.5,1280.199951171875,1280.9000244140625,37010,0.0,0.0
2026-07-24 11:25:00+05:30,1280.5999755859375,1282.699951171875,1280.199951171875,1281.4000244140625,105504,0.0,0.0
2026-07-24 11:26:00+05:30,1281.0,1281.4000244140625,1280.5999755859375,1281.4000244140625,22349,0.0,0.0
2026-07-24 11:27:00+05:30,1281.300048828125,1281.4000244140625,1280.0999755859375,1280.5,33845,0.0,0.0
2026-07-24 11:28:00+05:30,1280.5,1280.5,1279.300048828125,1279.699951171875,56005,0.0,0.0
2026-07-24 11:29:00+05:30,1279.5999755859375,1280.0999755859375,1279.199951171875,1279.4000244140625,27970,0.0,0.0
2026-07-24 11:30:00+05:30,1279.4000244140625,1279.4000244140625,1278.300048828125,1279.0,44773,0.0,0.0
2026-07-24 11:31:00+05:30,1279.0,1279.800048828125,1278.0,1278.5,58179,0.0,0.0
2026-07-24 11:32:00+05:30,1278.5,1278.5,1277.300048828125,1277.300048828125,33583,0.0,0.0
2026-07-24 11:33:00+05:30,1277.4000244140625,1278.0,1277.0,1277.5,24155,0.0,0.0
2026-07-24 11:34:00+05:30,1277.5,1277.5999755859375,1277.0,1277.0,19161,0.0,0.0
2026-07-24 11:35:00+05:30,1277.0,1278.300048828125,1277.0,1278.300048828125,21353,0.0,0.0
2026-07-24 11:36:00+05:30,1278.300048828125,1278.4000244140625,1278.0,1278.0,9652,0.0,0.0
2026-07-24 11:37:00+05:30,1277.5999755859375,1279.800048828125,1277.5999755859375,1279.5999755859375,89015,0.0,0.0
2026-07-24 11:38:00+05:30,1279.5999755859375,1279.699951171875,1278.9000244140625,1279.5,19272,0.0,0.0
2026-07-24 11:39:00+05:30,1279.5,1279.5999755859375,1278.9000244140625,1279.199951171875,8722,0.0,0.0
2026-07-24 11:40:00+05:30,1279.199951171875,1279.800048828125,1278.800048828125,1279.800048828125,16994,0.0,0.0
2026-07-24 11:41:00+05:30,1280.0,1280.199951171875,1279.5,1280.0999755859375,9222,0.0,0.0
2026-07-24 11:42:00+05:30,1280.199951171875,1280.4000244140625,1280.0,1280.4000244140625,20180,0.0,0.0
2026-07-24 11:43:00+05:30,1280.300048828125,1281.5,1280.300048828125,1281.0999755859375,25854,0.0,0.0
2026-07-24 11:44:00+05:30,1281.4000244140625,1281.4000244140625,1280.800048828125,1281.199951171875,16064,0.0,0.0
2026-07-24 11:45:00+05:30,1281.199951171875,1281.5,1280.9000244140625,1281.0999755859375,28037,0.0,0.0
2026-07-24 11:46:00+05:30,1281.0999755859375,1281.699951171875,1281.0,1281.5999755859375,16021,0.0,0.0
2026-07-24 11:47:00+05:30,1281.699951171875,1281.699951171875,1281.300048828125,1281.5999755859375,10094,0.0,0.0
2026-07-24 11:48:00+05:30,1281.5999755859375,1281.5999755859375,1281.4000244140625,1281.5999755859375,13761,0.0,0.0
2026-07-24 11:49:00+05:30,1281.300048828125,1281.5999755859375,1281.300048828125,1281.5999755859375,11293,0.0,0.0
2026-07-24 11:50:00+05:30,1281.5999755859375,1281.9000244140625,1281.5,1281.9000244140625,16929,0.0,0.0
2026-07-24 11:51:00+05:30,1282.0,1282.0,1281.9000244140625,1281.9000244140625,22249,0.0,0.0
2026-07-24 11:52:00+05:30,1281.9000244140625,1281.9000244140625,1281.699951171875,1281.9000244140625,13692,0.0,0.0
2026-07-24 11:53:00+05:30,1281.699951171875,1281.699951171875,1281.5999755859375,1281.5999755859375,6180,0.0,0.0
2026-07-24 11:54:00+05:30,1281.5999755859375,1281.5999755859375,1281.4000244140625,1281.4000244140625,10652,0.0,0.0
2026-07-24 11:55:00+05:30,1281.0,1281.4000244140625,1280.5,1280.800048828125,67783,0.0,0.0
2026-07-24 11:56:00+05:30,1280.800048828125,1280.800048828125,1280.0999755859375,1280.0999755859375,11458,0.0,0.0
2026-07-24 11:57:00+05:30,1280.4000244140625,1280.5999755859375,1280.0,1280.4000244140625,61866,0.0,0.0
2026-07-24 11:58:00+05:30,1280.5,1280.5999755859375,1280.0,1280.300048828125,8208,0.0,0.0
2026-07-24 11:59:00+05:30,1280.199951171875,1280.199951171875,1279.5,1280.0999755859375,24701,0.0,0.0
2026-07-24 12:00:00+05:30,1280.0,1280.0999755859375,1279.5999755859375,1279.5999755859375,11760,0.0,0.0
2026-07-24 12:01:00+05:30,1279.800048828125,1279.800048828125,1279.5999755859375,1279.800048828125,10020,0.0,0.0
2026-07-24 12:02:00+05:30,1279.800048828125,1279.800048828125,1279.0,1279.4000244140625,20189,0.0,0.0
2026-07-24 12:03:00+05:30,1279.4000244140625,1279.4000244140625,1279.199951171875,1279.4000244140625,6645,0.0,0.0
2026-07-24 12:04:00+05:30,1279.4000244140625,1280.0999755859375,1279.4000244140625,1280.0999755859375,17480,0.0,0.0
2026-07-24 12:05:00+05:30,1280.0999755859375,1280.5,1280.0999755859375,1280.300048828125,12885,0.0,0.0
2026-07-24 12:06:00+05:30,1280.300048828125,1280.5,1280.199951171875,1280.300048828125,15961,0.0,0.0
2026-07-24 12:07:00+05:30,1280.300048828125,1280.300048828125,1280.0999755859375,1280.300048828125,9702,0.0,0.0
2026-07-24 12:08:00+05:30,1280.300048828125,1280.300048828125,1279.800048828125,1279.9000244140625,13042,0.0,0.0
2026-07-24 12:09:00+05:30,1279.800048828125,1280.5,1279.5999755859375,1280.0999755859375,23075,0.0,0.0
2026-07-24 12:10:00+05:30,1280.199951171875,1280.4000244140625,1279.9000244140625,1280.199951171875,27694,0.0,0.0
2026-07-24 12:11:00+05:30,1280.0999755859375,1280.199951171875,1279.800048828125,1279.9000244140625,7869,0.0,0.0
2026-07-24 12:12:00+05:30,1279.9000244140625,1279.9000244140625,1279.199951171875,1279.199951171875,11532,0.0,0.0
2026-07-24 12:13:00+05:30,1279.199951171875,1279.199951171875,1278.199951171875,1278.5,15453,0.0,0.0
2026-07-24 12:14:00+05:30,1278.5,1278.699951171875,1278.199951171875,1278.699951171875,11934,0.0,0.0
2026-07-24 12:15:00+05:30,1278.5,1279.5999755859375,1278.5,1279.5999755859375,29573,0.0,0.0
2026-07-24 12:16:00+05:30,1279.9000244140625,1280.300048828125,1279.9000244140625,1280.0999755859375,30014,0.0,0.0
2026-07-24 12:17:00+05:30,1280.0999755859375,1280.199951171875,1279.199951171875,1280.199951171875,42825,0.0,0.0
2026-07-24 12:18:00+05:30,1280.199951171875,1280.199951171875,1279.5999755859375,1279.5999755859375,14391,0.0,0.0
2026-07-24 12:19:00+05:30,1279.9000244140625,1280.4000244140625,1279.5999755859375,1279.9000244140625,55260,0.0,0.0
2026-07-24 12:20:00+05:30,1280.0,1280.699951171875,1279.699951171875,1280.699951171875,14989,0.0,0.0
2026-07-24 12:21:00+05:30,1280.699951171875,1280.699951171875,1280.0999755859375,1280.5,8849,0.0,0.0
2026-07-24 12:22:00+05:30,1280.5,1280.5,1280.0999755859375,1280.5,17125,0.0,0.0
2026-07-24 12:23:00+05:30,1280.699951171875,1281.199951171875,1280.699951171875,1281.199951171875,13981,0.0,0.0
2026-07-24 12:24:00+05:30,1281.199951171875,1281.800048828125,1281.0,1281.699951171875,26042,0.0,0.0
2026-07-24 12:25:00+05:30,1281.699951171875,1282.4000244140625,1281.4000244140625,1282.0,37040,0.0,0.0
2026-07-24 12:26:00+05:30,1282.300048828125,1282.800048828125,1282.0,1282.699951171875,16251,0.0,0.0
2026-07-24 12:27:00+05:30,1282.699951171875,1282.699951171875,1282.4000244140625,1282.5999755859375,6356,0.0,0.0
2026-07-24 12:28:00+05:30,1282.4000244140625,1283.4000244140625,1282.300048828125,1283.300048828125,32243,0.0,0.0
2026-07-24 12:29:00+05:30,1283.199951171875,1283.199951171875,1282.5,1282.800048828125,18763,0.0,0.0
2026-07-24 12:30:00+05:30,1282.800048828125,1283.0,1282.5,1282.800048828125,19036,0.0,0.0
2026-07-24 12:31:00+05:30,1282.800048828125,1282.9000244140625,1282.0,1282.800048828125,17808,0.0,0.0
2026-07-24 12:32:00+05:30,1282.800048828125,1282.9000244140625,1282.4000244140625,1282.9000244140625,6785,0.0,0.0
2026-07-24 12:33:00+05:30,1282.9000244140625,1282.9000244140625,1281.699951171875,1281.800048828125,14452,0.0,0.0
2026-07-24 12:34:00+05:30,1282.0999755859375,1282.0999755859375,1281.5,1282.0,22689,0.0,0.0
2026-07-24 12:35:00+05:30,1282.0,1282.0,1281.5,1281.5,14334,0.0,0.0
2026-07-24 12:36:00+05:30,1281.5,1282.5999755859375,1281.5,1282.300048828125,40465,0.0,0.0
2026-07-24 12:37:00+05:30,1282.0999755859375,1282.800048828125,1282.0,1282.0999755859375,29466,0.0,0.0
2026-07-24 12:38:00+05:30,1281.699951171875,1282.0999755859375,1281.199951171875,1281.5,13707,0.0,0.0
2026-07-24 12:39:00+05:30,1281.699951171875,1282.199951171875,1281.300048828125,1282.199951171875,20554,0.0,0.0
2026-07-24 12:40:00+05:30,1282.0999755859375,1282.0999755859375,1281.5,1281.699951171875,9064,0.0,0.0
2026-07-24 12:41:00+05:30,1281.699951171875,1281.800048828125,1281.5999755859375,1281.699951171875,10872,0.0,0.0
2026-07-24 12:42:00+05:30,1281.5999755859375,1281.699951171875,1281.4000244140625,1281.5,7727,0.0,0.0
2026-07-24 12:43:00+05:30,1281.5,1281.9000244140625,1281.5,1281.9000244140625,12088,0.0,0.0
2026-07-24 12:44:00+05:30,1282.0,1282.800048828125,1282.0,1282.800048828125,10462,0.0,0.0
2026-07-24 12:45:00+05:30,1282.800048828125,1282.800048828125,1282.300048828125,1282.5,10327,0.0,0.0
2026-07-24 12:46:00+05:30,1282.5,1282.5999755859375,1281.699951171875,1282.0,24960,0.0,0.0
2026-07-24 12:47:00+05:30,1282.0,1282.0,1281.5,1282.0,12678,0.0,0.0
2026-07-24 12:48:00+05:30,1281.9000244140625,1281.9000244140625,1281.5999755859375,1281.9000244140625,5747,0.0,0.0
2026-07-24 12:49:00+05:30,1281.9000244140625,1282.0999755859375,1281.800048828125,1282.0999755859375,12954,0.0,0.0
2026-07-24 12:50:00+05:30,1282.0999755859375,1282.199951171875,1281.9000244140625,1282.199951171875,12165,0.0,0.0
2026-07-24 12:51:00+05:30,1282.199951171875,1282.199951171875,1281.9000244140625,1282.0999755859375,5576,0.0,0.0
2026-07-24 12:52:00+05:30,1282.0999755859375,1282.0999755859375,1281.5999755859375,1281.800048828125,14995,0.0,0.0
2026-07-24 12:53:00+05:30,1281.699951171875,1281.800048828125,1281.4000244140625,1281.5999755859375,7819,0.0,0.0
2026-07-24 12:54:00+05:30,1281.5,1281.699951171875,1281.5,1281.699951171875,11058,0.0,0.0
2026-07-24 12:55:00+05:30,1281.699951171875,1281.9000244140625,1281.5,1281.9000244140625,13210,0.0,0.0
2026-07-24 12:56:00+05:30,1282.0,1282.699951171875,1282.0,1282.4000244140625,19772,0.0,0.0
2026-07-24 12:57:00+05:30,1282.4000244140625,1282.5,1282.0999755859375,1282.5,15386,0.0,0.0
2026-07-24 12:58:00+05:30,1282.5999755859375,1282.800048828125,1282.4000244140625,1282.5,9687,0.0,0.0
2026-07-24 12:59:00+05:30,1282.5,1282.5999755859375,1282.300048828125,1282.5999755859375,13093,0.0,0.0
2026-07-24 13:00:00+05:30,1282.5,1282.5999755859375,1282.199951171875,1282.5,9607,0.0,0.0
2026-07-24 13:01:00+05:30,1282.5,1282.5999755859375,1281.9000244140625,1282.4000244140625,20799,0.0,0.0
2026-07-24 13:02:00+05:30,1282.4000244140625,1282.4000244140625,1281.800048828125,1281.9000244140625,10331,0.0,0.0
2026-07-24 13:03:00+05:30,1281.9000244140625,1281.9000244140625,1281.699951171875,1281.699951171875,7551,0.0,0.0
2026-07-24 13:04:00+05:30,1281.699951171875,1281.699951171875,1281.5,1281.5,11504,0.0,0.0
2026-07-24 13:05:00+05:30,1281.5,1281.5,1281.0,1281.0999755859375,9843,0.0,0.0
2026-07-24 13:06:00+05:30,1281.0999755859375,1281.0999755859375,1280.699951171875,1280.699951171875,13548,0.0,0.0
2026-07-24 13:07:00+05:30,1280.5999755859375,1280.5999755859375,1280.4000244140625,1280.5,9326,0.0,0.0
2026-07-24 13:08:00+05:30,1280.5,1281.4000244140625,1280.5,1281.300048828125,23627,0.0,0.0
2026-07-24 13:09:00+05:30,1281.300048828125,1282.0999755859375,1281.199951171875,1282.0,11888,0.0,0.0
2026-07-24 13:10:00+05:30,1282.0,1282.0,1281.300048828125,1281.4000244140625,10466,0.0,0.0
2026-07-24 13:11:00+05:30,1281.4000244140625,1281.5999755859375,1281.4000244140625,1281.5,8528,0.0,0.0
2026-07-24 13:12:00+05:30,1281.5,1281.5,1281.0999755859375,1281.0999755859375,11670,0.0,0.0
2026-07-24 13:13:00+05:30,1281.199951171875,1281.199951171875,1280.9000244140625,1280.9000244140625,8249,0.0,0.0
2026-07-24 13:14:00+05:30,1281.0,1281.0999755859375,1280.9000244140625,1281.0999755859375,37989,0.0,0.0
2026-07-24 13:15:00+05:30,1281.199951171875,1281.199951171875,1280.699951171875,1280.699951171875,9319,0.0,0.0
2026-07-24 13:16:00+05:30,1280.699951171875,1280.699951171875,1280.4000244140625,1280.4000244140625,7326,0.0,0.0
2026-07-24 13:17:00+05:30,1280.5999755859375,1280.800048828125,1280.5999755859375,1280.699951171875,8035,0.0,0.0
2026-07-24 13:18:00+05:30,1280.800048828125,1280.9000244140625,1280.800048828125,1280.9000244140625,8883,0.0,0.0
2026-07-24 13:19:00+05:30,1280.9000244140625,1281.800048828125,1280.9000244140625,1281.5,17162,0.0,0.0
2026-07-24 13:20:00+05:30,1281.300048828125,1281.5,1281.300048828125,1281.4000244140625,8121,0.0,0.0
2026-07-24 13:21:00+05:30,1281.4000244140625,1281.4000244140625,1281.0,1281.199951171875,15994,0.0,0.0
2026-07-24 13:22:00+05:30,1281.199951171875,1281.300048828125,1281.199951171875,1281.300048828125,7508,0.0,0.0
2026-07-24 13:23:00+05:30,1281.199951171875,1281.199951171875,1280.9000244140625,1280.9000244140625,6220,0.0,0.0
2026-07-24 13:24:00+05:30,1280.9000244140625,1281.300048828125,1280.9000244140625,1281.199951171875,10238,0.0,0.0
2026-07-24 13:25:00+05:30,1281.199951171875,1281.199951171875,1281.0,1281.0,5763,0.0,0.0
2026-07-24 13:26:00+05:30,1281.0,1281.0,1280.699951171875,1280.800048828125,6370,0.0,0.0
2026-07-24 13:27:00+05:30,1280.699951171875,1281.300048828125,1280.699951171875,1281.0,20796,0.0,0.0
2026-07-24 13:28:00+05:30,1281.0999755859375,1281.300048828125,1280.9000244140625,1281.199951171875,10252,0.0,0.0
2026-07-24 13:29:00+05:30,1281.300048828125,1281.300048828125,1280.800048828125,1280.800048828125,8614,0.0,0.0
2026-07-24 13:30:00+05:30,1280.5,1280.5,1280.300048828125,1280.4000244140625,17038,0.0,0.0
2026-07-24 13:31:00+05:30,1280.300048828125,1280.300048828125,1279.300048828125,1279.699951171875,27286,0.0,0.0
2026-07-24 13:32:00+05:30,1279.699951171875,1279.699951171875,1279.0999755859375,1279.0999755859375,11322,0.0,0.0
2026-07-24 13:33:00+05:30,1279.0999755859375,1279.0999755859375,1278.699951171875,1279.0,13170,0.0,0.0
2026-07-24 13:34:00+05:30,1279.0,1279.0999755859375,1278.9000244140625,1279.0999755859375,10380,0.0,0.0
2026-07-24 13:35:00+05:30,1279.0999755859375,1279.0999755859375,1278.199951171875,1278.5999755859375,40388,0.0,0.0
2026-07-24 13:36:00+05:30,1278.5999755859375,1279.300048828125,1278.0999755859375,1279.0999755859375,15520,0.0,0.0
2026-07-24 13:37:00+05:30,1279.0999755859375,1279.300048828125,1279.0,1279.300048828125,7738,0.0,0.0
2026-07-24 13:38:00+05:30,1279.300048828125,1279.300048828125,1279.0,1279.0999755859375,6767,0.0,0.0
2026-07-24 13:39:00+05:30,1279.0999755859375,1279.199951171875,1278.800048828125,1278.800048828125,6528,0.0,0.0
2026-07-24 13:40:00+05:30,1279.0,1279.0,1278.800048828125,1278.800048828125,9603,0.0,0.0
2026-07-24 13:41:00+05:30,1278.800048828125,1278.800048828125,1277.0999755859375,1277.5,38184,0.0,0.0
2026-07-24 13:42:00+05:30,1277.9000244140625,1277.9000244140625,1277.4000244140625,1277.699951171875,11653,0.0,0.0
2026-07-24 13:43:00+05:30,1277.699951171875,1277.699951171875,1277.199951171875,1277.4000244140625,10763,0.0,0.0
2026-07-24 13:44:00+05:30,1277.300048828125,1278.300048828125,1277.300048828125,1278.300048828125,23041,0.0,0.0
2026-07-24 13:45:00+05:30,1278.199951171875,1278.300048828125,1277.5,1278.0999755859375,17262,0.0,0.0
2026-07-24 13:46:00+05:30,1278.0999755859375,1278.5,1278.0,1278.5,15177,0.0,0.0
2026-07-24 13:47:00+05:30,1278.5,1278.5,1278.199951171875,1278.300048828125,12042,0.0,0.0
2026-07-24 13:48:00+05:30,1278.199951171875,1278.199951171875,1278.0999755859375,1278.0999755859375,8840,0.0,0.0
2026-07-24 13:49:00+05:30,1278.0,1278.4000244140625,1277.5,1278.0,27797,0.0,0.0
2026-07-24 13:50:00+05:30,1278.4000244140625,1278.5,1277.699951171875,1278.4000244140625,18225,0.0,0.0
2026-07-24 13:51:00+05:30,1278.4000244140625,1278.5999755859375,1278.300048828125,1278.4000244140625,11622,0.0,0.0
2026-07-24 13:52:00+05:30,1278.5,1278.9000244140625,1278.5,1278.800048828125,10252,0.0,0.0
2026-07-24 13:53:00+05:30,1278.800048828125,1278.9000244140625,1278.5,1278.5999755859375,11952,0.0,0.0
2026-07-24 13:54:00+05:30,1278.5,1279.5,1278.5,1279.300048828125,26190,0.0,0.0
2026-07-24 13:55:00+05:30,1279.4000244140625,1279.9000244140625,1279.300048828125,1279.9000244140625,22062,0.0,0.0
2026-07-24 13:56:00+05:30,1279.9000244140625,1280.0999755859375,1279.5999755859375,1279.9000244140625,13958,0.0,0.0
2026-07-24 13:57:00+05:30,1279.9000244140625,1280.0999755859375,1279.699951171875,1280.0,11250,0.0,0.0
2026-07-24 13:58:00+05:30,1280.0,1280.4000244140625,1279.9000244140625,1280.300048828125,12551,0.0,0.0
2026-07-24 13:59:00+05:30,1280.300048828125,1281.0999755859375,1280.300048828125,1281.0999755859375,14210,0.0,0.0
2026-07-24 14:00:00+05:30,1281.0999755859375,1281.199951171875,1280.5999755859375,1280.699951171875,20756,0.0,0.0
2026-07-24 14:01:00+05:30,1280.699951171875,1280.699951171875,1279.5999755859375,1280.5999755859375,26477,0.0,0.0
2026-07-24 14:02:00+05:30,1280.5999755859375,1281.0,1280.4000244140625,1281.0,8892,0.0,0.0
2026-07-24 14:03:00+05:30,1281.0,1281.0,1280.699951171875,1280.800048828125,6087,0.0,0.0
2026-07-24 14:04:00+05:30,1280.800048828125,1281.0,1280.800048828125,1281.0,7439,0.0,0.0
2026-07-24 14:05:00+05:30,1281.0,1281.0,1280.300048828125,1280.300048828125,20137,0.0,0.0
2026-07-24 14:06:00+05:30,1280.5999755859375,1280.5999755859375,1279.5,1279.5,20093,0.0,0.0
2026-07-24 14:07:00+05:30,1279.800048828125,1280.0,1279.4000244140625,1279.9000244140625,13602,0.0,0.0
2026-07-24 14:08:00+05:30,1279.800048828125,1279.9000244140625,1279.699951171875,1279.800048828125,8896,0.0,0.0
2026-07-24 14:09:00+05:30,1279.5999755859375,1279.5999755859375,1279.0,1279.0,16531,0.0,0.0
2026-07-24 14:10:00+05:30,1278.9000244140625,1278.9000244140625,1278.300048828125,1278.699951171875,13714,0.0,0.0
2026-07-24 14:11:00+05:30,1278.800048828125,1278.800048828125,1278.300048828125,1278.5999755859375,29558,0.0,0.0
2026-07-24 14:12:00+05:30,1278.300048828125,1279.0,1278.199951171875,1278.5,29805,0.0,0.0
2026-07-24 14:13:00+05:30,1278.5,1278.5999755859375,1278.4000244140625,1278.5999755859375,4804,0.0,0.0
2026-07-24 14:14:00+05:30,1278.5999755859375,1279.0,1278.5999755859375,1278.699951171875,13088,0.0,0.0
2026-07-24 14:15:00+05:30,1278.800048828125,1278.800048828125,1278.699951171875,1278.800048828125,11081,0.0,0.0
2026-07-24 14:16:00+05:30,1278.800048828125,1279.0,1278.5999755859375,1279.0,20854,0.0,0.0
2026-07-24 14:17:00+05:30,1279.0,1279.0,1278.5999755859375,1279.0,30596,0.0,0.0
2026-07-24 14:18:00+05:30,1278.9000244140625,1279.0,1278.5,1278.5,30531,0.0,0.0
2026-07-24 14:19:00+05:30,1278.5,1278.9000244140625,1278.199951171875,1278.5,12377,0.0,0.0
2026-07-24 14:20:00+05:30,1278.4000244140625,1278.5,1278.300048828125,1278.300048828125,10054,0.0,0.0
2026-07-24 14:21:00+05:30,1278.300048828125,1278.300048828125,1277.5999755859375,1277.699951171875,13336,0.0,0.0
2026-07-24 14:22:00+05:30,1277.699951171875,1278.0,1277.5999755859375,1277.9000244140625,8930,0.0,0.0
2026-07-24 14:23:00+05:30,1277.5999755859375,1278.9000244140625,1277.5999755859375,1278.800048828125,16941,0.0,0.0
2026-07-24 14:24:00+05:30,1278.800048828125,1278.9000244140625,1277.5,1278.199951171875,19683,0.0,0.0
2026-07-24 14:25:00+05:30,1278.300048828125,1279.199951171875,1278.0,1279.199951171875,48762,0.0,0.0
2026-07-24 14:26:00+05:30,1279.0999755859375,1279.4000244140625,1278.199951171875,1278.199951171875,45764,0.0,0.0
2026-07-24 14:27:00+05:30,1278.4000244140625,1278.4000244140625,1277.5999755859375,1277.5999755859375,14229,0.0,0.0
2026-07-24 14:28:00+05:30,1277.5999755859375,1278.699951171875,1277.5,1278.300048828125,55772,0.0,0.0
2026-07-24 14:29:00+05:30,1278.5999755859375,1278.699951171875,1278.199951171875,1278.5999755859375,5249,0.0,0.0
2026-07-24 14:30:00+05:30,1278.5,1278.699951171875,1278.5,1278.5,7218,0.0,0.0
2026-07-24 14:31:00+05:30,1278.5,1278.5999755859375,1278.4000244140625,1278.5999755859375,8528,0.0,0.0
2026-07-24 14:32:00+05:30,1278.5999755859375,1278.699951171875,1278.5999755859375,1278.699951171875,8747,0.0,0.0
2026-07-24 14:33:00+05:30,1278.699951171875,1278.699951171875,1277.699951171875,1277.699951171875,18849,0.0,0.0
2026-07-24 14:34:00+05:30,1277.699951171875,1277.800048828125,1277.0999755859375,1277.0999755859375,37953,0.0,0.0
2026-07-24 14:35:00+05:30,1277.0999755859375,1277.5999755859375,1276.5999755859375,1277.0999755859375,17814,0.0,0.0
2026-07-24 14:36:00+05:30,1277.5,1277.5999755859375,1277.199951171875,1277.300048828125,5447,0.0,0.0
2026-07-24 14:37:00+05:30,1277.300048828125,1277.5999755859375,1277.300048828125,1277.5,9214,0.0,0.0
2026-07-24 14:38:00+05:30,1277.5999755859375,1277.699951171875,1277.5,1277.5999755859375,12953,0.0,0.0
2026-07-24 14:39:00+05:30,1277.5,1278.0,1277.5,1278.0,23353,0.0,0.0
2026-07-24 14:40:00+05:30,1277.5999755859375,1277.5999755859375,1277.300048828125,1277.5,17075,0.0,0.0
2026-07-24 14:41:00+05:30,1277.5999755859375,1278.0999755859375,1277.300048828125,1278.0,58790,0.0,0.0
2026-07-24 14:42:00+05:30,1277.9000244140625,1278.0,1276.199951171875,1276.5999755859375,25023,0.0,0.0
2026-07-24 14:43:00+05:30,1276.5,1276.800048828125,1275.699951171875,1276.5999755859375,77525,0.0,0.0
2026-07-24 14:44:00+05:30,1276.300048828125,1276.800048828125,1276.300048828125,1276.699951171875,6089,0.0,0.0
2026-07-24 14:45:00+05:30,1276.699951171875,1276.9000244140625,1276.699951171875,1276.9000244140625,15637,0.0,0.0
2026-07-24 14:46:00+05:30,1276.699951171875,1277.0999755859375,1276.699951171875,1277.0,9190,0.0,0.0
2026-07-24 14:47:00+05:30,1277.199951171875,1277.5,1277.0,1277.300048828125,18933,0.0,0.0
2026-07-24 14:48:00+05:30,1277.4000244140625,1277.4000244140625,1277.0,1277.300048828125,14499,0.0,0.0
2026-07-24 14:49:00+05:30,1277.0,1277.4000244140625,1277.0,1277.4000244140625,7798,0.0,0.0
2026-07-24 14:50:00+05:30,1277.5,1277.5999755859375,1277.199951171875,1277.5,13741,0.0,0.0
2026-07-24 14:51:00+05:30,1277.5999755859375,1278.0,1277.5999755859375,1277.800048828125,12617,0.0,0.0
2026-07-24 14:52:00+05:30,1277.699951171875,1278.0,1277.699951171875,1277.800048828125,27490,0.0,0.0
2026-07-24 14:53:00+05:30,1277.800048828125,1278.9000244140625,1277.800048828125,1278.9000244140625,50391,0.0,0.0
2026-07-24 14:54:00+05:30,1279.4000244140625,1279.9000244140625,1279.4000244140625,1279.9000244140625,32454,0.0,0.0
2026-07-24 14:55:00+05:30,1279.5999755859375,1280.300048828125,1279.0999755859375,1279.0999755859375,52566,0.0,0.0
2026-07-24 14:56:00+05:30,1279.199951171875,1279.5999755859375,1279.199951171875,1279.5,9866,0.0,0.0
2026-07-24 14:57:00+05:30,1279.5,1279.5999755859375,1278.9000244140625,1279.5999755859375,12322,0.0,0.0
2026-07-24 14:58:00+05:30,1279.199951171875,1279.5999755859375,1279.199951171875,1279.5999755859375,7399,0.0,0.0
2026-07-24 14:59:00+05:30,1279.300048828125,1279.5,1279.0,1279.4000244140625,15344,0.0,0.0
2026-07-24 15:00:00+05:30,1279.4000244140625,1279.4000244140625,1278.4000244140625,1278.4000244140625,76161,0.0,0.0
2026-07-24 15:01:00+05:30,1278.4000244140625,1278.9000244140625,1277.800048828125,1277.9000244140625,66368,0.0,0.0
2026-07-24 15:02:00+05:30,1277.800048828125,1278.300048828125,1277.5999755859375,1278.0999755859375,35088,0.0,0.0
2026-07-24 15:03:00+05:30,1278.0999755859375,1278.0999755859375,1277.199951171875,1277.300048828125,36337,0.0,0.0
2026-07-24 15:04:00+05:30,1277.300048828125,1277.5999755859375,1277.0999755859375,1277.300048828125,42819,0.0,0.0
2026-07-24 15:05:00+05:30,1277.0999755859375,1277.300048828125,1276.800048828125,1276.9000244140625,59671,0.0,0.0
2026-07-24 15:06:00+05:30,1276.9000244140625,1277.300048828125,1276.5999755859375,1277.199951171875,58333,0.0,0.0
2026-07-24 15:07:00+05:30,1277.199951171875,1277.4000244140625,1277.199951171875,1277.4000244140625,33232,0.0,0.0
2026-07-24 15:08:00+05:30,1277.4000244140625,1277.4000244140625,1277.0999755859375,1277.199951171875,29275,0.0,0.0
2026-07-24 15:09:00+05:30,1277.199951171875,1277.199951171875,1276.800048828125,1276.9000244140625,56566,0.0,0.0
2026-07-24 15:10:00+05:30,1276.9000244140625,1276.9000244140625,1276.5999755859375,1276.5999755859375,27374,0.0,0.0
2026-07-24 15:11:00+05:30,1277.300048828125,1277.300048828125,1277.0,1277.0,45902,0.0,0.0
2026-07-24 15:12:00+05:30,1277.0999755859375,1277.0999755859375,1276.699951171875,1276.9000244140625,46336,0.0,0.0
2026-07-24 15:13:00+05:30,1276.9000244140625,1277.699951171875,1276.9000244140625,1277.699951171875,63025,0.0,0.0
2026-07-24 15:14:00+05:30,1277.5999755859375,1278.4000244140625,1277.5999755859375,1278.300048828125,40520,0.0,0.0
2026-07-24 15:15:00+05:30,1278.300048828125,1278.5999755859375,1278.0999755859375,1278.5999755859375,46730,0.0,0.0
2026-07-24 15:16:00+05:30,1278.5999755859375,1278.699951171875,1278.5,1278.699951171875,45635,0.0,0.0
2026-07-24 15:17:00+05:30,1278.5999755859375,1278.699951171875,1278.300048828125,1278.4000244140625,29438,0.0,0.0
2026-07-24 15:18:00+05:30,1278.199951171875,1278.199951171875,1278.0,1278.0999755859375,47518,0.0,0.0
2026-07-24 15:19:00+05:30,1278.0,1278.0999755859375,1277.9000244140625,1278.0999755859375,58092,0.0,0.0
2026-07-24 15:20:00+05:30,1278.0999755859375,1278.300048828125,1278.0999755859375,1278.199951171875,47276,0.0,0.0
2026-07-24 15:21:00+05:30,1278.300048828125,1278.300048828125,1278.199951171875,1278.199951171875,36681,0.0,0.0
2026-07-24 15:22:00+05:30,1278.300048828125,1278.4000244140625,1278.199951171875,1278.300048828125,62073,0.0,0.0
2026-07-24 15:23:00+05:30,1278.300048828125,1278.4000244140625,1278.300048828125,1278.300048828125,50288,0.0,0.0
2026-07-24 15:24:00+05:30,1278.300048828125,1278.300048828125,1278.0,1278.0,57094,0.0,0.0
2026-07-24 15:25:00+05:30,1278.300048828125,1279.800048828125,1278.300048828125,1279.300048828125,95795,0.0,0.0
2026-07-24 15:26:00+05:30,1279.300048828125,1279.300048828125,1278.5,1278.9000244140625,52048,0.0,0.0
2026-07-24 15:27:00+05:30,1278.9000244140625,1279.4000244140625,1278.5,1279.0,65909,0.0,0.0
2026-07-24 15:28:00+05:30,1279.0,1280.0,1278.199951171875,1280.0,33885,0.0,0.0
2026-07-24 15:29:00+05:30,1279.9000244140625,1280.9000244140625,1279.300048828125,1280.300048828125,25911,0.0,0.0
2026-07-27 09:15:00+05:30,1288.0999755859375,1288.5,1285.5,1286.4000244140625,0,0.0,0.0
2026-07-27 09:16:00+05:30,1286.4000244140625,1286.4000244140625,1283.5,1284.5,73890,0.0,0.0
2026-07-27 09:17:00+05:30,1285.0,1285.199951171875,1283.9000244140625,1284.9000244140625,51410,0.0,0.0
2026-07-27 09:18:00+05:30,1285.300048828125,1285.300048828125,1284.300048828125,1284.300048828125,36506,0.0,0.0
2026-07-27 09:19:00+05:30,1284.4000244140625,1284.699951171875,1283.300048828125,1283.699951171875,61542,0.0,0.0
2026-07-27 09:20:00+05:30,1283.9000244140625,1284.800048828125,1283.5,1284.800048828125,24630,0.0,0.0
2026-07-27 09:21:00+05:30,1285.5999755859375,1286.5,1285.5999755859375,1286.199951171875,31065,0.0,0.0
2026-07-27 09:22:00+05:30,1286.0,1286.199951171875,1285.0999755859375,1285.5,20572,0.0,0.0
2026-07-27 09:23:00+05:30,1285.5,1285.5,1284.300048828125,1284.800048828125,32917,0.0,0.0
2026-07-27 09:24:00+05:30,1284.300048828125,1284.699951171875,1284.300048828125,1284.300048828125,19666,0.0,0.0
2026-07-27 09:25:00+05:30,1284.300048828125,1284.300048828125,1282.800048828125,1282.9000244140625,37418,0.0,0.0
2026-07-27 09:26:00+05:30,1284.0,1284.5,1283.199951171875,1284.0,24158,0.0,0.0
2026-07-27 09:27:00+05:30,1284.0,1284.0,1283.5,1283.5,12986,0.0,0.0
2026-07-27 09:28:00+05:30,1283.199951171875,1283.800048828125,1283.0999755859375,1283.699951171875,20795,0.0,0.0
2026-07-27 09:29:00+05:30,1283.699951171875,1283.699951171875,1283.300048828125,1283.4000244140625,13202,0.0,0.0
2026-07-27 09:30:00+05:30,1283.5,1284.0,1283.5,1283.9000244140625,35181,0.0,0.0
2026-07-27 09:31:00+05:30,1283.9000244140625,1283.9000244140625,1283.5999755859375,1283.800048828125,18228,0.0,0.0
2026-07-27 09:32:00+05:30,1283.699951171875,1284.0,1283.699951171875,1283.9000244140625,25671,0.0,0.0
2026-07-27 09:33:00+05:30,1283.9000244140625,1284.0,1283.699951171875,1283.699951171875,12044,0.0,0.0
2026-07-27 09:34:00+05:30,1283.800048828125,1284.0,1283.5999755859375,1284.0,11169,0.0,0.0
2026-07-27 09:35:00+05:30,1283.699951171875,1283.9000244140625,1283.5,1283.5,15549,0.0,0.0
2026-07-27 09:36:00+05:30,1283.699951171875,1284.0999755859375,1283.699951171875,1284.0999755859375,44031,0.0,0.0
2026-07-27 09:37:00+05:30,1283.9000244140625,1285.5,1283.9000244140625,1285.199951171875,46115,0.0,0.0
2026-07-27 09:38:00+05:30,1285.4000244140625,1286.9000244140625,1285.300048828125,1286.5999755859375,73060,0.0,0.0
2026-07-27 09:39:00+05:30,1286.5,1286.5,1285.300048828125,1285.699951171875,33426,0.0,0.0
2026-07-27 09:40:00+05:30,1285.5999755859375,1285.699951171875,1284.699951171875,1284.9000244140625,17368,0.0,0.0
2026-07-27 09:41:00+05:30,1284.800048828125,1284.800048828125,1284.699951171875,1284.800048828125,6540,0.0,0.0
2026-07-27 09:42:00+05:30,1285.0999755859375,1285.0999755859375,1284.300048828125,1284.5,14897,0.0,0.0
2026-07-27 09:43:00+05:30,1284.300048828125,1284.800048828125,1284.300048828125,1284.5999755859375,10300,0.0,0.0
2026-07-27 09:44:00+05:30,1284.300048828125,1284.4000244140625,1284.199951171875,1284.199951171875,10098,0.0,0.0
2026-07-27 09:45:00+05:30,1284.4000244140625,1284.5999755859375,1283.5999755859375,1283.800048828125,31595,0.0,0.0
2026-07-27 09:46:00+05:30,1284.0,1284.0,1283.5999755859375,1283.699951171875,6042,0.0,0.0
2026-07-27 09:47:00+05:30,1283.800048828125,1283.9000244140625,1283.699951171875,1283.800048828125,5339,0.0,0.0
2026-07-27 09:48:00+05:30,1283.5999755859375,1284.0,1283.5,1283.9000244140625,9084,0.0,0.0
2026-07-27 09:49:00+05:30,1283.9000244140625,1284.0,1283.5999755859375,1283.5999755859375,14129,0.0,0.0
2026-07-27 09:50:00+05:30,1283.699951171875,1283.699951171875,1283.5999755859375,1283.5999755859375,11795,0.0,0.0
2026-07-27 09:51:00+05:30,1283.5,1283.5,1283.199951171875,1283.300048828125,15387,0.0,0.0
2026-07-27 09:52:00+05:30,1283.300048828125,1283.5,1283.0999755859375,1283.5,5269,0.0,0.0
2026-07-27 09:53:00+05:30,1283.5,1283.5,1282.5,1282.800048828125,40212,0.0,0.0
2026-07-27 09:54:00+05:30,1282.800048828125,1282.800048828125,1282.300048828125,1282.4000244140625,11395,0.0,0.0
2026-07-27 09:55:00+05:30,1282.300048828125,1282.5,1281.5999755859375,1282.0999755859375,51000,0.0,0.0
2026-07-27 09:56:00+05:30,1281.699951171875,1281.699951171875,1281.4000244140625,1281.699951171875,17213,0.0,0.0
2026-07-27 09:57:00+05:30,1281.699951171875,1282.0,1281.5999755859375,1281.699951171875,23689,0.0,0.0
2026-07-27 09:58:00+05:30,1282.0,1282.0999755859375,1281.800048828125,1282.0999755859375,13862,0.0,0.0
2026-07-27 09:59:00+05:30,1282.0999755859375,1283.699951171875,1282.0,1283.5,31302,0.0,0.0
2026-07-27 10:00:00+05:30,1283.5,1283.5,1282.800048828125,1282.9000244140625,7753,0.0,0.0
2026-07-27 10:01:00+05:30,1282.9000244140625,1283.199951171875,1282.9000244140625,1283.0999755859375,3763,0.0,0.0
2026-07-27 10:02:00+05:30,1283.0999755859375,1283.0999755859375,1282.199951171875,1282.5,20951,0.0,0.0
2026-07-27 10:03:00+05:30,1282.5,1283.0,1282.4000244140625,1283.0,11742,0.0,0.0
2026-07-27 10:04:00+05:30,1283.0999755859375,1283.4000244140625,1282.699951171875,1282.800048828125,4132,0.0,0.0
2026-07-27 10:05:00+05:30,1282.800048828125,1282.800048828125,1282.5,1282.5999755859375,9563,0.0,0.0
2026-07-27 10:06:00+05:30,1282.800048828125,1282.800048828125,1282.300048828125,1282.800048828125,14055,0.0,0.0
2026-07-27 10:07:00+05:30,1282.9000244140625,1283.0,1282.9000244140625,1282.9000244140625,13551,0.0,0.0
2026-07-27 10:08:00+05:30,1282.800048828125,1283.0,1282.5,1282.699951171875,10156,0.0,0.0
2026-07-27 10:09:00+05:30,1282.4000244140625,1282.5,1282.0999755859375,1282.5,25298,0.0,0.0
2026-07-27 10:10:00+05:30,1282.5,1282.699951171875,1282.0,1282.5,13874,0.0,0.0
2026-07-27 10:11:00+05:30,1282.5,1282.9000244140625,1282.199951171875,1282.9000244140625,10692,0.0,0.0
2026-07-27 10:12:00+05:30,1282.9000244140625,1282.9000244140625,1282.5999755859375,1282.800048828125,6384,0.0,0.0
2026-07-27 10:13:00+05:30,1282.9000244140625,1283.5999755859375,1282.9000244140625,1283.5,10014,0.0,0.0
2026-07-27 10:14:00+05:30,1283.5,1283.800048828125,1283.5,1283.800048828125,6198,0.0,0.0
2026-07-27 10:15:00+05:30,1283.5999755859375,1283.800048828125,1283.0999755859375,1283.0999755859375,18403,0.0,0.0
2026-07-27 10:16:00+05:30,1283.199951171875,1284.0,1283.199951171875,1283.300048828125,3540,0.0,0.0
2026-07-27 10:17:00+05:30,1283.5,1283.5,1282.800048828125,1282.800048828125,9107,0.0,0.0
2026-07-27 10:18:00+05:30,1282.5999755859375,1282.5999755859375,1282.0,1282.4000244140625,20660,0.0,0.0
2026-07-27 10:19:00+05:30,1282.5,1283.0,1282.300048828125,1282.300048828125,5400,0.0,0.0
2026-07-27 10:20:00+05:30,1282.5999755859375,1282.5999755859375,1282.300048828125,1282.5,7561,0.0,0.0
2026-07-27 10:21:00+05:30,1282.5999755859375,1282.5999755859375,1281.800048828125,1282.0999755859375,10978,0.0,0.0
2026-07-27 10:22:00+05:30,1282.0999755859375,1282.300048828125,1281.9000244140625,1282.0999755859375,12319,0.0,0.0
2026-07-27 10:23:00+05:30,1282.0,1282.5,1281.9000244140625,1282.0,12641,0.0,0.0
2026-07-27 10:24:00+05:30,1282.0,1282.0,1280.699951171875,1280.9000244140625,36319,0.0,0.0
2026-07-27 10:25:00+05:30,1280.9000244140625,1281.300048828125,1280.800048828125,1281.0999755859375,5679,0.0,0.0
2026-07-27 10:26:00+05:30,1281.199951171875,1281.9000244140625,1281.0999755859375,1281.699951171875,7462,0.0,0.0
2026-07-27 10:27:00+05:30,1281.699951171875,1281.699951171875,1281.5,1281.5,4878,0.0,0.0
2026-07-27 10:28:00+05:30,1281.699951171875,1282.0,1281.4000244140625,1281.800048828125,12046,0.0,0.0
2026-07-27 10:29:00+05:30,1282.0,1282.4000244140625,1282.0,1282.300048828125,4118,0.0,0.0
2026-07-27 10:30:00+05:30,1282.4000244140625,1282.5,1282.300048828125,1282.5,7436,0.0,0.0
2026-07-27 10:31:00+05:30,1282.5,1282.5,1281.699951171875,1281.699951171875,17724,0.0,0.0
2026-07-27 10:32:00+05:30,1281.699951171875,1281.699951171875,1281.300048828125,1281.4000244140625,5112,0.0,0.0
2026-07-27 10:33:00+05:30,1281.5,1281.5,1281.199951171875,1281.5,9182,0.0,0.0
2026-07-27 10:34:00+05:30,1281.5,1282.5,1281.5,1282.5,11412,0.0,0.0
2026-07-27 10:35:00+05:30,1282.5,1282.5,1281.0999755859375,1281.199951171875,12476,0.0,0.0
2026-07-27 10:36:00+05:30,1281.5,1281.5,1281.0999755859375,1281.0999755859375,5176,0.0,0.0
2026-07-27 10:37:00+05:30,1281.199951171875,1281.300048828125,1281.0,1281.300048828125,5517,0.0,0.0
2026-07-27 10:38:00+05:30,1281.199951171875,1281.300048828125,1280.699951171875,1280.699951171875,21690,0.0,0.0
2026-07-27 10:39:00+05:30,1280.699951171875,1280.9000244140625,1280.5999755859375,1280.9000244140625,6999,0.0,0.0
2026-07-27 10:40:00+05:30,1280.9000244140625,1282.0,1280.5999755859375,1281.9000244140625,21732,0.0,0.0
2026-07-27 10:41:00+05:30,1282.0,1282.5,1282.0,1282.5,13132,0.0,0.0
2026-07-27 10:42:00+05:30,1282.5,1282.800048828125,1282.300048828125,1282.5,30140,0.0,0.0
2026-07-27 10:43:00+05:30,1282.699951171875,1283.0,1282.4000244140625,1282.800048828125,5710,0.0,0.0
2026-07-27 10:44:00+05:30,1283.0,1283.199951171875,1282.699951171875,1282.800048828125,11272,0.0,0.0
2026-07-27 10:45:00+05:30,1282.9000244140625,1282.9000244140625,1282.5,1282.9000244140625,8472,0.0,0.0
2026-07-27 10:46:00+05:30,1282.800048828125,1282.800048828125,1282.199951171875,1282.4000244140625,10105,0.0,0.0
2026-07-27 10:47:00+05:30,1282.5,1282.5,1282.0,1282.0999755859375,6348,0.0,0.0
2026-07-27 10:48:00+05:30,1282.0999755859375,1282.0999755859375,1281.5999755859375,1281.5999755859375,9570,0.0,0.0
2026-07-27 10:49:00+05:30,1281.4000244140625,1281.800048828125,1281.4000244140625,1281.4000244140625,16381,0.0,0.0
2026-07-27 10:50:00+05:30,1281.300048828125,1281.300048828125,1280.4000244140625,1280.5,27388,0.0,0.0
2026-07-27 10:51:00+05:30,1280.800048828125,1280.800048828125,1280.0999755859375,1280.699951171875,38122,0.0,0.0
2026-07-27 10:52:00+05:30,1280.800048828125,1281.4000244140625,1280.4000244140625,1281.0,16027,0.0,0.0
2026-07-27 10:53:00+05:30,1281.0999755859375,1281.699951171875,1281.0,1281.199951171875,60756,0.0,0.0
2026-07-27 10:54:00+05:30,1280.9000244140625,1281.199951171875,1280.800048828125,1281.0999755859375,10108,0.0,0.0
2026-07-27 10:55:00+05:30,1281.0999755859375,1281.0999755859375,1280.699951171875,1280.9000244140625,7212,0.0,0.0
2026-07-27 10:56:00+05:30,1280.9000244140625,1281.5,1280.800048828125,1281.4000244140625,8379,0.0,0.0
2026-07-27 10:57:00+05:30,1281.5,1281.699951171875,1281.4000244140625,1281.699951171875,4476,0.0,0.0
2026-07-27 10:58:00+05:30,1281.5999755859375,1282.0,1281.5,1281.9000244140625,4699,0.0,0.0
2026-07-27 10:59:00+05:30,1282.0,1282.199951171875,1281.0999755859375,1281.0999755859375,49897,0.0,0.0
2026-07-27 11:00:00+05:30,1281.5999755859375,1281.5999755859375,1281.300048828125,1281.5999755859375,27682,0.0,0.0
2026-07-27 11:01:00+05:30,1281.5,1282.0,1281.199951171875,1282.0,29338,0.0,0.0
2026-07-27 11:02:00+05:30,1282.0999755859375,1282.199951171875,1281.0999755859375,1281.5,24461,0.0,0.0
2026-07-27 11:03:00+05:30,1281.4000244140625,1281.5999755859375,1281.0999755859375,1281.4000244140625,7632,0.0,0.0
2026-07-27 11:04:00+05:30,1281.4000244140625,1281.699951171875,1281.0999755859375,1281.5999755859375,12824,0.0,0.0
2026-07-27 11:05:00+05:30,1281.5999755859375,1281.800048828125,1281.5,1281.800048828125,9620,0.0,0.0
2026-07-27 11:06:00+05:30,1281.800048828125,1282.0999755859375,1281.699951171875,1281.800048828125,4097,0.0,0.0
2026-07-27 11:07:00+05:30,1281.699951171875,1281.699951171875,1281.0999755859375,1281.5999755859375,9471,0.0,0.0
2026-07-27 11:08:00+05:30,1281.5999755859375,1281.9000244140625,1281.4000244140625,1281.800048828125,8482,0.0,0.0
2026-07-27 11:09:00+05:30,1281.800048828125,1281.9000244140625,1281.5999755859375,1281.800048828125,6140,0.0,0.0
2026-07-27 11:10:00+05:30,1281.800048828125,1282.0999755859375,1281.699951171875,1281.699951171875,19919,0.0,0.0
2026-07-27 11:11:00+05:30,1281.699951171875,1281.9000244140625,1281.5999755859375,1281.800048828125,9542,0.0,0.0
2026-07-27 11:12:00+05:30,1281.800048828125,1282.0,1281.5999755859375,1281.699951171875,7846,0.0,0.0
2026-07-27 11:13:00+05:30,1281.5,1281.5999755859375,1281.4000244140625,1281.5,6026,0.0,0.0
2026-07-27 11:14:00+05:30,1281.5,1281.5,1281.199951171875,1281.300048828125,7949,0.0,0.0
2026-07-27 11:15:00+05:30,1281.4000244140625,1282.0,1281.4000244140625,1282.0,8308,0.0,0.0
2026-07-27 11:16:00+05:30,1281.800048828125,1281.800048828125,1281.199951171875,1281.5,12723,0.0,0.0
2026-07-27 11:17:00+05:30,1281.5,1281.699951171875,1281.199951171875,1281.699951171875,7696,0.0,0.0
2026-07-27 11:18:00+05:30,1281.699951171875,1282.4000244140625,1281.5,1282.199951171875,16059,0.0,0.0
2026-07-27 11:19:00+05:30,1282.199951171875,1282.9000244140625,1282.0,1282.9000244140625,26264,0.0,0.0
2026-07-27 11:20:00+05:30,1282.699951171875,1283.300048828125,1282.699951171875,1283.0999755859375,13539,0.0,0.0
2026-07-27 11:21:00+05:30,1283.0999755859375,1283.0999755859375,1283.0,1283.0999755859375,6800,0.0,0.0
2026-07-27 11:22:00+05:30,1283.0999755859375,1283.0999755859375,1282.800048828125,1282.800048828125,14995,0.0,0.0
2026-07-27 11:23:00+05:30,1282.800048828125,1283.0999755859375,1282.699951171875,1283.0,9723,0.0,0.0
2026-07-27 11:24:00+05:30,1283.199951171875,1283.4000244140625,1283.0,1283.4000244140625,9862,0.0,0.0
2026-07-27 11:25:00+05:30,1283.5,1283.5,1283.300048828125,1283.4000244140625,8475,0.0,0.0
2026-07-27 11:26:00+05:30,1283.4000244140625,1283.5,1283.199951171875,1283.5,7596,0.0,0.0
2026-07-27 11:27:00+05:30,1283.800048828125,1283.800048828125,1283.5999755859375,1283.800048828125,7354,0.0,0.0
2026-07-27 11:28:00+05:30,1283.699951171875,1283.9000244140625,1283.5999755859375,1283.699951171875,7068,0.0,0.0
2026-07-27 11:29:00+05:30,1283.5999755859375,1283.699951171875,1282.699951171875,1282.699951171875,30951,0.0,0.0
2026-07-27 11:30:00+05:30,1282.699951171875,1282.9000244140625,1282.699951171875,1282.9000244140625,15337,0.0,0.0
2026-07-27 11:31:00+05:30,1283.0,1283.0,1282.300048828125,1282.699951171875,11453,0.0,0.0
2026-07-27 11:32:00+05:30,1282.699951171875,1282.699951171875,1282.199951171875,1282.300048828125,14389,0.0,0.0
2026-07-27 11:33:00+05:30,1282.0999755859375,1282.5,1282.0999755859375,1282.0999755859375,18718,0.0,0.0
2026-07-27 11:34:00+05:30,1282.800048828125,1282.800048828125,1282.0999755859375,1282.300048828125,16028,0.0,0.0
2026-07-27 11:35:00+05:30,1282.5999755859375,1282.800048828125,1282.300048828125,1282.5,7796,0.0,0.0
2026-07-27 11:36:00+05:30,1282.199951171875,1282.5,1281.800048828125,1281.800048828125,18069,0.0,0.0
2026-07-27 11:37:00+05:30,1281.9000244140625,1282.5,1281.800048828125,1282.4000244140625,6663,0.0,0.0
2026-07-27 11:38:00+05:30,1282.4000244140625,1282.4000244140625,1282.199951171875,1282.4000244140625,5185,0.0,0.0
2026-07-27 11:39:00+05:30,1282.4000244140625,1282.4000244140625,1281.800048828125,1281.9000244140625,12238,0.0,0.0
2026-07-27 11:40:00+05:30,1281.9000244140625,1282.0999755859375,1281.800048828125,1281.800048828125,7956,0.0,0.0
2026-07-27 11:41:00+05:30,1282.0,1282.199951171875,1282.0,1282.199951171875,4166,0.0,0.0
2026-07-27 11:42:00+05:30,1282.300048828125,1283.0999755859375,1282.300048828125,1283.0,9392,0.0,0.0
2026-07-27 11:43:00+05:30,1283.0999755859375,1283.199951171875,1282.699951171875,1282.699951171875,8393,0.0,0.0
2026-07-27 11:44:00+05:30,1282.699951171875,1282.9000244140625,1282.199951171875,1282.199951171875,8081,0.0,0.0
2026-07-27 11:45:00+05:30,1282.0,1283.0,1282.0,1282.5999755859375,38344,0.0,0.0
2026-07-27 11:46:00+05:30,1282.5999755859375,1283.4000244140625,1282.4000244140625,1283.199951171875,16207,0.0,0.0
2026-07-27 11:47:00+05:30,1283.300048828125,1283.300048828125,1283.0,1283.300048828125,8016,0.0,0.0
2026-07-27 11:48:00+05:30,1283.300048828125,1283.300048828125,1282.5999755859375,1282.699951171875,14560,0.0,0.0
2026-07-27 11:49:00+05:30,1282.699951171875,1282.800048828125,1281.800048828125,1281.800048828125,16376,0.0,0.0
2026-07-27 11:50:00+05:30,1282.0,1282.0999755859375,1281.9000244140625,1282.0,7049,0.0,0.0
2026-07-27 11:51:00+05:30,1281.9000244140625,1282.5999755859375,1281.9000244140625,1282.4000244140625,7773,0.0,0.0
2026-07-27 11:52:00+05:30,1282.5999755859375,1282.699951171875,1282.300048828125,1282.4000244140625,6266,0.0,0.0
2026-07-27 11:53:00+05:30,1282.4000244140625,1282.5,1281.699951171875,1281.699951171875,9433,0.0,0.0
2026-07-27 11:54:00+05:30,1281.800048828125,1282.300048828125,1281.699951171875,1282.300048828125,10152,0.0,0.0
2026-07-27 11:55:00+05:30,1282.0,1282.4000244140625,1282.0,1282.0,10552,0.0,0.0
2026-07-27 11:56:00+05:30,1282.199951171875,1282.699951171875,1282.199951171875,1282.4000244140625,8565,0.0,0.0
2026-07-27 11:57:00+05:30,1282.5999755859375,1282.800048828125,1282.199951171875,1282.300048828125,14520,0.0,0.0
2026-07-27 11:58:00+05:30,1282.300048828125,1282.5,1282.0999755859375,1282.199951171875,4841,0.0,0.0
2026-07-27 11:59:00+05:30,1282.300048828125,1282.5,1282.0999755859375,1282.199951171875,8657,0.0,0.0
2026-07-27 12:00:00+05:30,1282.5,1282.5,1282.0,1282.0999755859375,14395,0.0,0.0
2026-07-27 12:01:00+05:30,1282.0999755859375,1282.0999755859375,1281.5999755859375,1281.699951171875,13057,0.0,0.0
2026-07-27 12:02:00+05:30,1281.699951171875,1281.800048828125,1281.4000244140625,1281.800048828125,5931,0.0,0.0
2026-07-27 12:03:00+05:30,1281.800048828125,1281.800048828125,1281.4000244140625,1281.4000244140625,7675,0.0,0.0
2026-07-27 12:04:00+05:30,1281.5,1281.5999755859375,1281.4000244140625,1281.4000244140625,6980,0.0,0.0
2026-07-27 12:05:00+05:30,1281.5,1281.5,1281.0,1281.0999755859375,12288,0.0,0.0
2026-07-27 12:06:00+05:30,1280.9000244140625,1280.9000244140625,1280.0,1280.300048828125,38431,0.0,0.0
2026-07-27 12:07:00+05:30,1280.5,1280.5,1280.0,1280.199951171875,12984,0.0,0.0
2026-07-27 12:08:00+05:30,1280.199951171875,1280.9000244140625,1280.0999755859375,1280.699951171875,13324,0.0,0.0
2026-07-27 12:09:00+05:30,1280.5999755859375,1281.0,1280.5999755859375,1280.699951171875,5917,0.0,0.0
2026-07-27 12:10:00+05:30,1280.800048828125,1280.800048828125,1279.4000244140625,1279.5999755859375,42678,0.0,0.0
2026-07-27 12:11:00+05:30,1279.4000244140625,1280.199951171875,1279.4000244140625,1280.199951171875,14786,0.0,0.0
2026-07-27 12:12:00+05:30,1280.199951171875,1280.800048828125,1280.199951171875,1280.699951171875,9690,0.0,0.0
2026-07-27 12:13:00+05:30,1280.699951171875,1280.699951171875,1280.199951171875,1280.699951171875,11167,0.0,0.0
2026-07-27 12:14:00+05:30,1280.5999755859375,1280.5999755859375,1280.0999755859375,1280.199951171875,14186,0.0,0.0
2026-07-27 12:15:00+05:30,1280.4000244140625,1280.699951171875,1280.199951171875,1280.5,9220,0.0,0.0
2026-07-27 12:16:00+05:30,1280.5999755859375,1280.9000244140625,1280.5999755859375,1280.699951171875,14894,0.0,0.0
2026-07-27 12:17:00+05:30,1280.699951171875,1280.699951171875,1280.300048828125,1280.4000244140625,10369,0.0,0.0
2026-07-27 12:18:00+05:30,1280.4000244140625,1280.4000244140625,1279.9000244140625,1280.0,19923,0.0,0.0
2026-07-27 12:19:00+05:30,1280.0,1280.199951171875,1279.9000244140625,1280.0,10518,0.0,0.0
2026-07-27 12:20:00+05:30,1280.0,1280.0,1279.4000244140625,1279.4000244140625,10452,0.0,0.0
2026-07-27 12:21:00+05:30,1279.5,1279.5,1279.0,1279.4000244140625,24059,0.0,0.0
2026-07-27 12:22:00+05:30,1279.4000244140625,1280.0999755859375,1279.0999755859375,1280.0,17527,0.0,0.0
2026-07-27 12:23:00+05:30,1280.0,1280.0999755859375,1279.699951171875,1279.9000244140625,4969,0.0,0.0
2026-07-27 12:24:00+05:30,1279.699951171875,1279.800048828125,1279.5999755859375,1279.800048828125,12509,0.0,0.0
2026-07-27 12:25:00+05:30,1279.800048828125,1279.9000244140625,1279.800048828125,1279.9000244140625,6331,0.0,0.0
2026-07-27 12:26:00+05:30,1279.9000244140625,1280.0,1279.699951171875,1280.0,6138,0.0,0.0
2026-07-27 12:27:00+05:30,1280.0,1280.4000244140625,1279.800048828125,1280.0,10234,0.0,0.0
2026-07-27 12:28:00+05:30,1279.9000244140625,1280.5,1279.800048828125,1279.800048828125,8687,0.0,0.0
2026-07-27 12:29:00+05:30,1279.699951171875,1279.800048828125,1279.4000244140625,1279.4000244140625,9321,0.0,0.0
2026-07-27 12:30:00+05:30,1279.4000244140625,1280.0,1279.0999755859375,1279.699951171875,12890,0.0,0.0
2026-07-27 12:31:00+05:30,1279.699951171875,1280.0,1279.699951171875,1279.800048828125,12180,0.0,0.0
2026-07-27 12:32:00+05:30,1279.800048828125,1280.0,1279.5,1279.9000244140625,5925,0.0,0.0
2026-07-27 12:33:00+05:30,1279.800048828125,1280.0,1279.4000244140625,1279.4000244140625,12161,0.0,0.0
2026-07-27 12:34:00+05:30,1279.5999755859375,1279.5999755859375,1279.300048828125,1279.4000244140625,7326,0.0,0.0
2026-07-27 12:35:00+05:30,1279.5,1279.5,1279.0,1279.0,11540,0.0,0.0
2026-07-27 12:36:00+05:30,1279.0999755859375,1279.5999755859375,1279.0,1279.5999755859375,11048,0.0,0.0
2026-07-27 12:37:00+05:30,1279.5999755859375,1279.9000244140625,1279.5999755859375,1279.800048828125,32002,0.0,0.0
2026-07-27 12:38:00+05:30,1279.800048828125,1279.800048828125,1279.5999755859375,1279.5999755859375,23338,0.0,0.0
2026-07-27 12:39:00+05:30,1279.5,1279.5,1279.199951171875,1279.4000244140625,9985,0.0,0.0
2026-07-27 12:40:00+05:30,1279.300048828125,1279.300048828125,1278.800048828125,1278.800048828125,19106,0.0,0.0
2026-07-27 12:41:00+05:30,1278.9000244140625,1279.199951171875,1278.699951171875,1278.9000244140625,15070,0.0,0.0
2026-07-27 12:42:00+05:30,1278.9000244140625,1279.199951171875,1278.9000244140625,1279.0999755859375,5905,0.0,0.0
2026-07-27 12:43:00+05:30,1279.0,1279.4000244140625,1279.0,1279.300048828125,11214,0.0,0.0
2026-07-27 12:44:00+05:30,1279.4000244140625,1279.5,1278.699951171875,1278.800048828125,18892,0.0,0.0
2026-07-27 12:45:00+05:30,1278.699951171875,1278.800048828125,1278.0,1278.5,31164,0.0,0.0
2026-07-27 12:46:00+05:30,1278.800048828125,1278.800048828125,1278.0999755859375,1278.800048828125,12674,0.0,0.0
2026-07-27 12:47:00+05:30,1278.800048828125,1278.800048828125,1278.199951171875,1278.199951171875,13027,0.0,0.0
2026-07-27 12:48:00+05:30,1278.4000244140625,1278.5,1278.0999755859375,1278.4000244140625,10292,0.0,0.0
2026-07-27 12:49:00+05:30,1278.300048828125,1278.5,1278.0,1278.0999755859375,18766,0.0,0.0
2026-07-27 12:50:00+05:30,1278.0999755859375,1278.9000244140625,1278.0,1278.9000244140625,26484,0.0,0.0
2026-07-27 12:51:00+05:30,1278.9000244140625,1279.4000244140625,1278.699951171875,1279.199951171875,33665,0.0,0.0
2026-07-27 12:52:00+05:30,1279.300048828125,1279.9000244140625,1279.199951171875,1279.699951171875,9795,0.0,0.0
2026-07-27 12:53:00+05:30,1279.699951171875,1279.699951171875,1278.800048828125,1278.9000244140625,23258,0.0,0.0
2026-07-27 12:54:00+05:30,1278.9000244140625,1279.0,1278.800048828125,1278.800048828125,7573,0.0,0.0
2026-07-27 12:55:00+05:30,1278.800048828125,1279.0999755859375,1278.800048828125,1278.9000244140625,7212,0.0,0.0
2026-07-27 12:56:00+05:30,1278.800048828125,1279.199951171875,1278.800048828125,1278.9000244140625,9389,0.0,0.0
2026-07-27 12:57:00+05:30,1278.9000244140625,1279.0,1278.800048828125,1278.800048828125,6511,0.0,0.0
2026-07-27 12:58:00+05:30,1278.800048828125,1279.0,1278.699951171875,1278.9000244140625,7051,0.0,0.0
2026-07-27 12:59:00+05:30,1278.800048828125,1279.4000244140625,1278.800048828125,1279.4000244140625,11059,0.0,0.0
2026-07-27 13:00:00+05:30,1279.199951171875,1279.4000244140625,1279.0,1279.199951171875,5934,0.0,0.0
2026-07-27 13:01:00+05:30,1279.199951171875,1279.4000244140625,1279.0999755859375,1279.4000244140625,10011,0.0,0.0
2026-07-27 13:02:00+05:30,1279.300048828125,1279.5999755859375,1279.199951171875,1279.5,6888,0.0,0.0
2026-07-27 13:03:00+05:30,1279.5999755859375,1279.699951171875,1279.4000244140625,1279.699951171875,11605,0.0,0.0
2026-07-27 13:04:00+05:30,1279.9000244140625,1280.4000244140625,1279.699951171875,1280.300048828125,20802,0.0,0.0
2026-07-27 13:05:00+05:30,1279.9000244140625,1280.699951171875,1279.9000244140625,1280.5,10347,0.0,0.0
2026-07-27 13:06:00+05:30,1280.699951171875,1280.699951171875,1280.4000244140625,1280.699951171875,7603,0.0,0.0
2026-07-27 13:07:00+05:30,1280.699951171875,1281.4000244140625,1280.300048828125,1280.9000244140625,65782,0.0,0.0
2026-07-27 13:08:00+05:30,1280.800048828125,1280.9000244140625,1280.300048828125,1280.4000244140625,14213,0.0,0.0
2026-07-27 13:09:00+05:30,1280.4000244140625,1280.5,1280.0,1280.0,13899,0.0,0.0
2026-07-27 13:10:00+05:30,1280.199951171875,1280.5,1279.4000244140625,1280.300048828125,14539,0.0,0.0
2026-07-27 13:11:00+05:30,1280.300048828125,1280.5,1279.800048828125,1280.0,10166,0.0,0.0
2026-07-27 13:12:00+05:30,1280.0,1280.699951171875,1279.800048828125,1280.199951171875,7677,0.0,0.0
2026-07-27 13:13:00+05:30,1280.199951171875,1280.4000244140625,1280.0,1280.199951171875,4670,0.0,0.0
2026-07-27 13:14:00+05:30,1280.199951171875,1280.800048828125,1280.199951171875,1280.699951171875,12207,0.0,0.0
2026-07-27 13:15:00+05:30,1280.9000244140625,1281.0999755859375,1280.5999755859375,1281.0999755859375,10490,0.0,0.0
2026-07-27 13:16:00+05:30,1281.0999755859375,1281.4000244140625,1280.9000244140625,1281.300048828125,13341,0.0,0.0
2026-07-27 13:17:00+05:30,1281.199951171875,1281.800048828125,1281.199951171875,1281.300048828125,10840,0.0,0.0
2026-07-27 13:18:00+05:30,1281.300048828125,1281.5999755859375,1281.199951171875,1281.300048828125,8803,0.0,0.0
2026-07-27 13:19:00+05:30,1281.199951171875,1281.199951171875,1281.0999755859375,1281.199951171875,5652,0.0,0.0
2026-07-27 13:20:00+05:30,1281.0999755859375,1281.300048828125,1280.5999755859375,1280.5999755859375,9736,0.0,0.0
2026-07-27 13:21:00+05:30,1280.5999755859375,1281.199951171875,1280.5999755859375,1280.699951171875,9508,0.0,0.0
2026-07-27 13:22:00+05:30,1280.800048828125,1281.300048828125,1280.699951171875,1281.300048828125,12356,0.0,0.0
2026-07-27 13:23:00+05:30,1281.0999755859375,1281.300048828125,1281.0,1281.0999755859375,5998,0.0,0.0
2026-07-27 13:24:00+05:30,1281.0999755859375,1281.4000244140625,1281.0,1281.0999755859375,9156,0.0,0.0
2026-07-27 13:25:00+05:30,1280.800048828125,1281.0999755859375,1280.800048828125,1281.0999755859375,11760,0.0,0.0
2026-07-27 13:26:00+05:30,1281.0999755859375,1281.0999755859375,1280.800048828125,1281.0999755859375,6756,0.0,0.0
2026-07-27 13:27:00+05:30,1280.800048828125,1280.9000244140625,1280.4000244140625,1280.4000244140625,6705,0.0,0.0
2026-07-27 13:28:00+05:30,1280.4000244140625,1280.4000244140625,1279.800048828125,1279.800048828125,9821,0.0,0.0
2026-07-27 13:29:00+05:30,1279.800048828125,1279.9000244140625,1279.5,1279.5999755859375,12309,0.0,0.0
2026-07-27 13:30:00+05:30,1279.5,1279.9000244140625,1279.4000244140625,1279.800048828125,9842,0.0,0.0
2026-07-27 13:31:00+05:30,1279.699951171875,1279.800048828125,1279.5,1279.5999755859375,6855,0.0,0.0
2026-07-27 13:32:00+05:30,1279.5999755859375,1279.5999755859375,1279.0999755859375,1279.199951171875,14495,0.0,0.0
2026-07-27 13:33:00+05:30,1279.0999755859375,1279.300048828125,1279.0,1279.300048828125,67322,0.0,0.0
2026-07-27 13:34:00+05:30,1279.5,1279.5,1279.0,1279.0,11014,0.0,0.0
2026-07-27 13:35:00+05:30,1279.0,1279.0,1278.0999755859375,1278.5,24747,0.0,0.0
2026-07-27 13:36:00+05:30,1278.9000244140625,1279.4000244140625,1278.5999755859375,1279.300048828125,30371,0.0,0.0
2026-07-27 13:37:00+05:30,1279.300048828125,1279.4000244140625,1279.199951171875,1279.199951171875,8291,0.0,0.0
2026-07-27 13:38:00+05:30,1279.4000244140625,1279.5,1279.199951171875,1279.4000244140625,7568,0.0,0.0
2026-07-27 13:39:00+05:30,1279.4000244140625,1279.5,1279.199951171875,1279.5,5791,0.0,0.0
2026-07-27 13:40:00+05:30,1279.4000244140625,1279.5999755859375,1279.199951171875,1279.199951171875,10557,0.0,0.0
2026-07-27 13:41:00+05:30,1279.199951171875,1279.300048828125,1278.699951171875,1278.800048828125,12758,0.0,0.0
2026-07-27 13:42:00+05:30,1278.800048828125,1278.9000244140625,1278.5999755859375,1278.699951171875,18167,0.0,0.0
2026-07-27 13:43:00+05:30,1278.699951171875,1279.199951171875,1278.5,1279.199951171875,11460,0.0,0.0
2026-07-27 13:44:00+05:30,1279.0999755859375,1279.699951171875,1279.0999755859375,1279.4000244140625,5607,0.0,0.0
2026-07-27 13:45:00+05:30,1279.300048828125,1279.300048828125,1279.0,1279.199951171875,9976,0.0,0.0
2026-07-27 13:46:00+05:30,1279.0999755859375,1279.300048828125,1279.0999755859375,1279.300048828125,5419,0.0,0.0
2026-07-27 13:47:00+05:30,1279.300048828125,1279.699951171875,1279.300048828125,1279.5999755859375,7961,0.0,0.0
2026-07-27 13:48:00+05:30,1279.699951171875,1279.800048828125,1279.4000244140625,1279.4000244140625,34680,0.0,0.0
2026-07-27 13:49:00+05:30,1279.4000244140625,1279.4000244140625,1279.0999755859375,1279.300048828125,12271,0.0,0.0
2026-07-27 13:50:00+05:30,1279.199951171875,1279.5999755859375,1279.0,1279.5999755859375,31151,0.0,0.0
2026-07-27 13:51:00+05:30,1279.199951171875,1279.5999755859375,1279.0999755859375,1279.4000244140625,4776,0.0,0.0
2026-07-27 13:52:00+05:30,1279.300048828125,1279.800048828125,1279.300048828125,1279.800048828125,11345,0.0,0.0
2026-07-27 13:53:00+05:30,1279.5,1279.9000244140625,1279.5,1279.9000244140625,5258,0.0,0.0
2026-07-27 13:54:00+05:30,1279.800048828125,1279.9000244140625,1279.300048828125,1279.300048828125,10249,0.0,0.0
2026-07-27 13:55:00+05:30,1279.0999755859375,1279.5999755859375,1279.0999755859375,1279.5999755859375,7174,0.0,0.0
2026-07-27 13:56:00+05:30,1279.699951171875,1279.699951171875,1279.4000244140625,1279.4000244140625,17463,0.0,0.0
2026-07-27 13:57:00+05:30,1279.5,1279.5,1279.0,1279.0,19867,0.0,0.0
2026-07-27 13:58:00+05:30,1279.0,1279.800048828125,1279.0,1279.5999755859375,26529,0.0,0.0
2026-07-27 13:59:00+05:30,1279.5999755859375,1279.699951171875,1279.300048828125,1279.5999755859375,6867,0.0,0.0
2026-07-27 14:00:00+05:30,1279.5,1279.699951171875,1279.5,1279.5,5148,0.0,0.0
2026-07-27 14:01:00+05:30,1279.5999755859375,1279.800048828125,1279.4000244140625,1279.699951171875,6812,0.0,0.0
2026-07-27 14:02:00+05:30,1279.5999755859375,1279.800048828125,1279.4000244140625,1279.5999755859375,6529,0.0,0.0
2026-07-27 14:03:00+05:30,1279.5999755859375,1279.800048828125,1279.4000244140625,1279.800048828125,9690,0.0,0.0
2026-07-27 14:04:00+05:30,1279.699951171875,1279.800048828125,1279.300048828125,1279.4000244140625,9186,0.0,0.0
2026-07-27 14:05:00+05:30,1279.199951171875,1279.300048828125,1278.9000244140625,1278.9000244140625,9300,0.0,0.0
2026-07-27 14:06:00+05:30,1279.199951171875,1279.4000244140625,1279.0,1279.300048828125,13593,0.0,0.0
2026-07-27 14:07:00+05:30,1279.5,1279.5,1279.0999755859375,1279.199951171875,6529,0.0,0.0
2026-07-27 14:08:00+05:30,1279.199951171875,1279.9000244140625,1279.0999755859375,1279.9000244140625,9728,0.0,0.0
2026-07-27 14:09:00+05:30,1279.5,1280.0,1279.199951171875,1280.0,39066,0.0,0.0
2026-07-27 14:10:00+05:30,1280.0,1280.0,1279.300048828125,1279.5,9651,0.0,0.0
2026-07-27 14:11:00+05:30,1279.5,1279.699951171875,1279.0999755859375,1279.5,10184,0.0,0.0
2026-07-27 14:12:00+05:30,1279.5999755859375,1279.9000244140625,1279.199951171875,1279.800048828125,10743,0.0,0.0
2026-07-27 14:13:00+05:30,1279.9000244140625,1279.9000244140625,1279.5,1279.699951171875,6962,0.0,0.0
2026-07-27 14:14:00+05:30,1279.800048828125,1279.800048828125,1279.4000244140625,1279.5999755859375,9190,0.0,0.0
2026-07-27 14:15:00+05:30,1279.5999755859375,1279.699951171875,1279.300048828125,1279.5999755859375,6058,0.0,0.0
2026-07-27 14:16:00+05:30,1279.699951171875,1279.800048828125,1279.5999755859375,1279.5999755859375,19646,0.0,0.0
2026-07-27 14:17:00+05:30,1279.5999755859375,1279.5999755859375,1278.0,1278.0999755859375,58157,0.0,0.0
2026-07-27 14:18:00+05:30,1278.199951171875,1279.0,1278.0,1278.5999755859375,34041,0.0,0.0
2026-07-27 14:19:00+05:30,1278.699951171875,1278.800048828125,1278.300048828125,1278.4000244140625,9856,0.0,0.0
2026-07-27 14:20:00+05:30,1278.4000244140625,1278.800048828125,1278.300048828125,1278.800048828125,13351,0.0,0.0
2026-07-27 14:21:00+05:30,1278.800048828125,1278.9000244140625,1278.5,1278.9000244140625,10507,0.0,0.0
2026-07-27 14:22:00+05:30,1278.800048828125,1279.0,1278.699951171875,1278.800048828125,39318,0.0,0.0
2026-07-27 14:23:00+05:30,1278.800048828125,1279.300048828125,1278.699951171875,1279.0999755859375,24403,0.0,0.0
2026-07-27 14:24:00+05:30,1279.199951171875,1279.5,1279.0,1279.4000244140625,14548,0.0,0.0
2026-07-27 14:25:00+05:30,1279.4000244140625,1279.5999755859375,1279.199951171875,1279.5,35725,0.0,0.0
2026-07-27 14:26:00+05:30,1279.5999755859375,1279.5999755859375,1278.9000244140625,1278.9000244140625,33598,0.0,0.0
2026-07-27 14:27:00+05:30,1279.0,1279.5999755859375,1278.5,1279.5,45737,0.0,0.0
2026-07-27 14:28:00+05:30,1279.5,1279.5,1279.199951171875,1279.4000244140625,7789,0.0,0.0
2026-07-27 14:29:00+05:30,1279.4000244140625,1280.0,1279.300048828125,1279.5999755859375,30427,0.0,0.0
2026-07-27 14:30:00+05:30,1279.5999755859375,1279.699951171875,1279.5,1279.5999755859375,7386,0.0,0.0
2026-07-27 14:31:00+05:30,1279.5999755859375,1279.5999755859375,1279.4000244140625,1279.5,30647,0.0,0.0
2026-07-27 14:32:00+05:30,1279.5,1279.5999755859375,1279.4000244140625,1279.5,16631,0.0,0.0
2026-07-27 14:33:00+05:30,1279.5,1280.0,1279.4000244140625,1280.0,24185,0.0,0.0
2026-07-27 14:34:00+05:30,1279.800048828125,1279.800048828125,1279.5,1279.5999755859375,9391,0.0,0.0
2026-07-27 14:35:00+05:30,1279.5999755859375,1280.0,1279.4000244140625,1279.699951171875,23758,0.0,0.0
2026-07-27 14:36:00+05:30,1279.9000244140625,1279.9000244140625,1279.4000244140625,1279.5,15154,0.0,0.0
2026-07-27 14:37:00+05:30,1279.699951171875,1279.699951171875,1279.0999755859375,1279.300048828125,12681,0.0,0.0
2026-07-27 14:38:00+05:30,1279.199951171875,1279.5,1279.0,1279.199951171875,16875,0.0,0.0
2026-07-27 14:39:00+05:30,1279.300048828125,1279.5,1279.0999755859375,1279.300048828125,9253,0.0,0.0
2026-07-27 14:40:00+05:30,1279.4000244140625,1279.4000244140625,1279.0,1279.199951171875,19339,0.0,0.0
2026-07-27 14:41:00+05:30,1279.199951171875,1279.699951171875,1279.0999755859375,1279.4000244140625,31787,0.0,0.0
2026-07-27 14:42:00+05:30,1279.5999755859375,1279.5999755859375,1279.300048828125,1279.5,7936,0.0,0.0
2026-07-27 14:43:00+05:30,1279.5,1279.5,1279.199951171875,1279.4000244140625,7176,0.0,0.0
2026-07-27 14:44:00+05:30,1279.5,1279.9000244140625,1279.4000244140625,1279.5999755859375,20828,0.0,0.0
2026-07-27 14:45:00+05:30,1279.9000244140625,1280.0999755859375,1279.5999755859375,1280.0999755859375,30370,0.0,0.0
2026-07-27 14:46:00+05:30,1280.0999755859375,1280.0999755859375,1279.5,1280.0999755859375,32660,0.0,0.0
2026-07-27 14:47:00+05:30,1280.0999755859375,1280.0999755859375,1279.0,1279.0,24453,0.0,0.0
2026-07-27 14:48:00+05:30,1279.0,1279.800048828125,1279.0,1279.800048828125,32285,0.0,0.0
2026-07-27 14:49:00+05:30,1279.800048828125,1279.800048828125,1279.4000244140625,1279.5999755859375,19010,0.0,0.0
2026-07-27 14:50:00+05:30,1279.9000244140625,1279.9000244140625,1279.4000244140625,1279.4000244140625,15768,0.0,0.0
2026-07-27 14:51:00+05:30,1279.800048828125,1279.800048828125,1279.5,1279.800048828125,8683,0.0,0.0
2026-07-27 14:52:00+05:30,1280.0,1280.199951171875,1279.4000244140625,1279.800048828125,42575,0.0,0.0
2026-07-27 14:53:00+05:30,1279.800048828125,1280.199951171875,1279.4000244140625,1279.9000244140625,16921,0.0,0.0
2026-07-27 14:54:00+05:30,1280.0,1280.0,1279.5,1279.800048828125,21159,0.0,0.0
2026-07-27 14:55:00+05:30,1279.5999755859375,1279.9000244140625,1279.5999755859375,1279.800048828125,15739,0.0,0.0
2026-07-27 14:56:00+05:30,1280.0,1280.300048828125,1279.800048828125,1280.0,20917,0.0,0.0
2026-07-27 14:57:00+05:30,1280.0,1280.0,1279.5,1279.800048828125,23372,0.0,0.0
2026-07-27 14:58:00+05:30,1280.0,1280.0999755859375,1279.5999755859375,1280.0,7513,0.0,0.0
2026-07-27 14:59:00+05:30,1280.0,1280.300048828125,1280.0,1280.199951171875,9720,0.0,0.0
2026-07-27 15:00:00+05:30,1280.0999755859375,1280.0999755859375,1279.699951171875,1279.800048828125,38270,0.0,0.0
2026-07-27 15:01:00+05:30,1279.9000244140625,1279.9000244140625,1279.800048828125,1279.9000244140625,40157,0.0,0.0
2026-07-27 15:02:00+05:30,1279.800048828125,1280.0,1279.800048828125,1280.0,38547,0.0,0.0
2026-07-27 15:03:00+05:30,1280.0,1280.0999755859375,1280.0,1280.0,40778,0.0,0.0
2026-07-27 15:04:00+05:30,1279.9000244140625,1279.9000244140625,1279.5,1279.5,60190,0.0,0.0
2026-07-27 15:05:00+05:30,1279.4000244140625,1279.5,1279.300048828125,1279.4000244140625,66905,0.0,0.0
2026-07-27 15:06:00+05:30,1279.4000244140625,1279.699951171875,1279.4000244140625,1279.5999755859375,40643,0.0,0.0
2026-07-27 15:07:00+05:30,1279.5999755859375,1279.800048828125,1279.5,1279.5999755859375,54924,0.0,0.0
2026-07-27 15:08:00+05:30,1279.699951171875,1279.699951171875,1279.5999755859375,1279.699951171875,22906,0.0,0.0
2026-07-27 15:09:00+05:30,1279.699951171875,1279.800048828125,1279.699951171875,1279.800048828125,42183,0.0,0.0
2026-07-27 15:10:00+05:30,1279.699951171875,1279.9000244140625,1279.5999755859375,1279.800048828125,62066,0.0,0.0
2026-07-27 15:11:00+05:30,1279.9000244140625,1279.9000244140625,1279.699951171875,1279.800048828125,30632,0.0,0.0
2026-07-27 15:12:00+05:30,1279.699951171875,1279.9000244140625,1279.699951171875,1279.800048828125,46873,0.0,0.0
2026-07-27 15:13:00+05:30,1279.800048828125,1279.800048828125,1279.5999755859375,1279.800048828125,54665,0.0,0.0
2026-07-27 15:14:00+05:30,1279.800048828125,1279.800048828125,1279.5999755859375,1279.5999755859375,36808,0.0,0.0
2026-07-27 15:15:00+05:30,1279.699951171875,1279.699951171875,1279.5,1279.5,52201,0.0,0.0
2026-07-27 15:16:00+05:30,1279.5,1279.5,1279.4000244140625,1279.4000244140625,47884,0.0,0.0
2026-07-27 15:17:00+05:30,1279.5999755859375,1279.699951171875,1279.4000244140625,1279.5999755859375,45828,0.0,0.0
2026-07-27 15:18:00+05:30,1279.5999755859375,1279.699951171875,1279.4000244140625,1279.699951171875,65711,0.0,0.0
2026-07-27 15:19:00+05:30,1279.699951171875,1279.800048828125,1279.5999755859375,1279.800048828125,64247,0.0,0.0
2026-07-27 15:20:00+05:30,1279.800048828125,1280.199951171875,1279.800048828125,1280.199951171875,115196,0.0,0.0
2026-07-27 15:21:00+05:30,1280.4000244140625,1280.800048828125,1280.4000244140625,1280.800048828125,60446,0.0,0.0
2026-07-27 15:22:00+05:30,1280.9000244140625,1281.0999755859375,1280.800048828125,1281.0,54078,0.0,0.0
2026-07-27 15:23:00+05:30,1281.0,1281.0999755859375,1280.9000244140625,1281.0,61607,0.0,0.0
2026-07-27 15:24:00+05:30,1280.9000244140625,1280.9000244140625,1280.0,1280.0,70441,0.0,0.0
2026-07-27 15:25:00+05:30,1279.800048828125,1279.800048828125,1279.199951171875,1279.5999755859375,92605,0.0,0.0
2026-07-27 15:26:00+05:30,1279.699951171875,1279.9000244140625,1279.199951171875,1279.9000244140625,32887,0.0,0.0
2026-07-27 15:27:00+05:30,1279.9000244140625,1281.199951171875,1279.9000244140625,1281.0,68949,0.0,0.0
2026-07-27 15:28:00+05:30,1281.0,1281.199951171875,1280.0999755859375,1280.300048828125,59543,0.0,0.0
2026-07-27 15:29:00+05:30,1280.0999755859375,1282.0,1280.0,1280.0,25871,0.0,0.0
2026-07-28 09:15:00+05:30,1275.800048828125,1275.800048828125,1269.199951171875,1272.199951171875,0,0.0,0.0
2026-07-28 09:16:00+05:30,1272.300048828125,1272.300048828125,1270.5999755859375,1271.199951171875,75493,0.0,0.0
2026-07-28 09:17:00+05:30,1271.199951171875,1273.0,1271.199951171875,1273.0,69392,0.0,0.0
2026-07-28 09:18:00+05:30,1273.0,1276.800048828125,1272.9000244140625,1276.5999755859375,87369,0.0,0.0
2026-07-28 09:19:00+05:30,1276.300048828125,1276.699951171875,1275.5999755859375,1276.5,43008,0.0,0.0
2026-07-28 09:20:00+05:30,1276.300048828125,1276.800048828125,1276.0999755859375,1276.5999755859375,26862,0.0,0.0
2026-07-28 09:21:00+05:30,1276.5999755859375,1276.5999755859375,1275.800048828125,1275.800048828125,20883,0.0,0.0
2026-07-28 09:22:00+05:30,1275.800048828125,1275.800048828125,1275.300048828125,1275.300048828125,13687,0.0,0.0
2026-07-28 09:23:00+05:30,1275.199951171875,1276.5,1275.199951171875,1276.0,28970,0.0,0.0
2026-07-28 09:24:00+05:30,1276.0,1276.0999755859375,1275.699951171875,1275.9000244140625,7358,0.0,0.0
2026-07-28 09:25:00+05:30,1275.800048828125,1275.800048828125,1275.199951171875,1275.300048828125,11894,0.0,0.0
2026-07-28 09:26:00+05:30,1275.300048828125,1275.300048828125,1274.0999755859375,1274.699951171875,26500,0.0,0.0
2026-07-28 09:27:00+05:30,1274.699951171875,1274.699951171875,1274.4000244140625,1274.4000244140625,22046,0.0,0.0
2026-07-28 09:28:00+05:30,1274.5,1275.0999755859375,1274.4000244140625,1275.0,12876,0.0,0.0
2026-07-28 09:29:00+05:30,1275.0,1275.0,1274.4000244140625,1274.4000244140625,10389,0.0,0.0
2026-07-28 09:30:00+05:30,1274.5,1275.0999755859375,1274.4000244140625,1275.0999755859375,19936,0.0,0.0
2026-07-28 09:31:00+05:30,1275.0999755859375,1275.0999755859375,1274.0999755859375,1274.0999755859375,20712,0.0,0.0
2026-07-28 09:32:00+05:30,1274.5,1274.5,1273.0,1273.0,21655,0.0,0.0
2026-07-28 09:33:00+05:30,1273.0999755859375,1273.0999755859375,1272.4000244140625,1272.4000244140625,18612,0.0,0.0
2026-07-28 09:34:00+05:30,1272.300048828125,1272.300048828125,1271.699951171875,1271.9000244140625,27999,0.0,0.0
2026-07-28 09:35:00+05:30,1271.800048828125,1272.800048828125,1271.800048828125,1272.800048828125,16418,0.0,0.0
2026-07-28 09:36:00+05:30,1273.0,1273.800048828125,1273.0,1273.5999755859375,16750,0.0,0.0
2026-07-28 09:37:00+05:30,1273.5999755859375,1273.800048828125,1273.199951171875,1273.199951171875,11337,0.0,0.0
2026-07-28 09:38:00+05:30,1273.0999755859375,1273.5,1273.0999755859375,1273.4000244140625,11011,0.0,0.0
2026-07-28 09:39:00+05:30,1273.4000244140625,1273.5999755859375,1273.4000244140625,1273.4000244140625,7775,0.0,0.0
2026-07-28 09:40:00+05:30,1273.4000244140625,1273.5,1273.4000244140625,1273.5,8673,0.0,0.0
2026-07-28 09:41:00+05:30,1273.5,1273.699951171875,1273.4000244140625,1273.4000244140625,24061,0.0,0.0
2026-07-28 09:42:00+05:30,1273.300048828125,1273.4000244140625,1273.199951171875,1273.199951171875,8600,0.0,0.0
2026-07-28 09:43:00+05:30,1273.4000244140625,1274.0999755859375,1273.4000244140625,1274.0999755859375,15029,0.0,0.0
2026-07-28 09:44:00+05:30,1274.0999755859375,1274.4000244140625,1273.800048828125,1273.800048828125,12418,0.0,0.0
2026-07-28 09:45:00+05:30,1273.699951171875,1273.699951171875,1273.4000244140625,1273.5999755859375,8447,0.0,0.0
2026-07-28 09:46:00+05:30,1273.5999755859375,1273.5999755859375,1273.4000244140625,1273.4000244140625,12709,0.0,0.0
2026-07-28 09:47:00+05:30,1273.4000244140625,1273.4000244140625,1272.5999755859375,1273.199951171875,37490,0.0,0.0
2026-07-28 09:48:00+05:30,1273.199951171875,1273.300048828125,1273.0,1273.0,3253,0.0,0.0
2026-07-28 09:49:00+05:30,1273.199951171875,1273.4000244140625,1273.0999755859375,1273.4000244140625,8382,0.0,0.0
2026-07-28 09:50:00+05:30,1273.5,1273.5999755859375,1273.5,1273.5,8383,0.0,0.0
2026-07-28 09:51:00+05:30,1273.5999755859375,1273.800048828125,1273.0,1273.0,9600,0.0,0.0
2026-07-28 09:52:00+05:30,1273.0999755859375,1273.300048828125,1273.0,1273.0999755859375,7907,0.0,0.0
2026-07-28 09:53:00+05:30,1273.300048828125,1273.300048828125,1273.0999755859375,1273.199951171875,9931,0.0,0.0
2026-07-28 09:54:00+05:30,1273.5,1275.5,1273.5,1275.4000244140625,15137,0.0,0.0
2026-07-28 09:55:00+05:30,1275.4000244140625,1275.5999755859375,1274.699951171875,1275.0,29081,0.0,0.0
2026-07-28 09:56:00+05:30,1274.9000244140625,1275.0,1274.699951171875,1274.699951171875,11681,0.0,0.0
2026-07-28 09:57:00+05:30,1274.699951171875,1274.699951171875,1274.0,1274.5,17969,0.0,0.0
2026-07-28 09:58:00+05:30,1274.5,1274.5999755859375,1274.300048828125,1274.5999755859375,7386,0.0,0.0
2026-07-28 09:59:00+05:30,1274.699951171875,1274.699951171875,1274.5999755859375,1274.699951171875,9102,0.0,0.0
2026-07-28 10:00:00+05:30,1274.699951171875,1274.699951171875,1273.5,1273.5,25048,0.0,0.0
2026-07-28 10:01:00+05:30,1273.4000244140625,1273.699951171875,1273.4000244140625,1273.5999755859375,10197,0.0,0.0
2026-07-28 10:02:00+05:30,1273.5999755859375,1273.5999755859375,1273.0999755859375,1273.0999755859375,9448,0.0,0.0
2026-07-28 10:03:00+05:30,1273.0999755859375,1274.0,1273.0,1273.9000244140625,20917,0.0,0.0
2026-07-28 10:04:00+05:30,1274.0,1274.199951171875,1274.0,1274.199951171875,4818,0.0,0.0
2026-07-28 10:05:00+05:30,1274.199951171875,1274.300048828125,1273.699951171875,1274.199951171875,19304,0.0,0.0
2026-07-28 10:06:00+05:30,1274.0,1274.300048828125,1273.5999755859375,1273.5999755859375,6097,0.0,0.0
2026-07-28 10:07:00+05:30,1273.800048828125,1273.9000244140625,1273.199951171875,1273.300048828125,6096,0.0,0.0
2026-07-28 10:08:00+05:30,1273.0999755859375,1273.0999755859375,1272.199951171875,1272.800048828125,23088,0.0,0.0
2026-07-28 10:09:00+05:30,1273.300048828125,1273.9000244140625,1273.300048828125,1273.9000244140625,6151,0.0,0.0
2026-07-28 10:10:00+05:30,1273.9000244140625,1273.9000244140625,1273.300048828125,1273.699951171875,9812,0.0,0.0
2026-07-28 10:11:00+05:30,1273.699951171875,1274.0,1273.699951171875,1274.0,4237,0.0,0.0
2026-07-28 10:12:00+05:30,1274.0,1274.0,1273.800048828125,1274.0,6581,0.0,0.0
2026-07-28 10:13:00+05:30,1274.0,1274.0,1272.300048828125,1272.800048828125,32869,0.0,0.0
2026-07-28 10:14:00+05:30,1272.800048828125,1273.0,1272.4000244140625,1272.9000244140625,7953,0.0,0.0
2026-07-28 10:15:00+05:30,1272.9000244140625,1273.0999755859375,1272.699951171875,1272.800048828125,9809,0.0,0.0
2026-07-28 10:16:00+05:30,1272.699951171875,1272.800048828125,1272.699951171875,1272.800048828125,8027,0.0,0.0
2026-07-28 10:17:00+05:30,1272.800048828125,1273.0,1272.800048828125,1273.0,6306,0.0,0.0
2026-07-28 10:18:00+05:30,1273.0,1273.0,1272.9000244140625,1273.0,7843,0.0,0.0
2026-07-28 10:19:00+05:30,1273.0999755859375,1273.199951171875,1272.800048828125,1273.199951171875,12188,0.0,0.0
2026-07-28 10:20:00+05:30,1273.0,1273.0,1272.5,1272.5,14019,0.0,0.0
2026-07-28 10:21:00+05:30,1272.5,1272.699951171875,1272.0,1272.699951171875,19391,0.0,0.0
2026-07-28 10:22:00+05:30,1272.800048828125,1273.5999755859375,1272.699951171875,1273.5999755859375,32622,0.0,0.0
2026-07-28 10:23:00+05:30,1273.5999755859375,1273.9000244140625,1273.5,1273.699951171875,10001,0.0,0.0
2026-07-28 10:24:00+05:30,1273.9000244140625,1275.0999755859375,1273.9000244140625,1275.0999755859375,23900,0.0,0.0
2026-07-28 10:25:00+05:30,1275.0,1275.0999755859375,1274.5,1275.0999755859375,17595,0.0,0.0
2026-07-28 10:26:00+05:30,1275.0999755859375,1275.0999755859375,1275.0,1275.0999755859375,11932,0.0,0.0
2026-07-28 10:27:00+05:30,1275.0999755859375,1275.199951171875,1275.0,1275.0999755859375,25964,0.0,0.0
2026-07-28 10:28:00+05:30,1275.0,1275.0999755859375,1275.0,1275.0999755859375,8531,0.0,0.0
2026-07-28 10:29:00+05:30,1275.0999755859375,1275.0999755859375,1275.0,1275.0999755859375,10737,0.0,0.0
2026-07-28 10:30:00+05:30,1275.0999755859375,1275.4000244140625,1275.0999755859375,1275.4000244140625,11730,0.0,0.0
2026-07-28 10:31:00+05:30,1275.4000244140625,1275.9000244140625,1275.4000244140625,1275.699951171875,21985,0.0,0.0
2026-07-28 10:32:00+05:30,1275.800048828125,1276.0,1275.5,1275.5999755859375,6467,0.0,0.0
2026-07-28 10:33:00+05:30,1275.5999755859375,1275.5999755859375,1275.5,1275.5,5080,0.0,0.0
2026-07-28 10:34:00+05:30,1275.5999755859375,1275.5999755859375,1275.199951171875,1275.199951171875,21445,0.0,0.0
2026-07-28 10:35:00+05:30,1275.300048828125,1275.300048828125,1275.0,1275.0999755859375,10445,0.0,0.0
2026-07-28 10:36:00+05:30,1275.0,1275.0999755859375,1274.300048828125,1274.300048828125,24776,0.0,0.0
2026-07-28 10:37:00+05:30,1274.5,1275.199951171875,1274.5,1275.199951171875,20805,0.0,0.0
2026-07-28 10:38:00+05:30,1275.4000244140625,1275.4000244140625,1275.0,1275.4000244140625,5629,0.0,0.0
2026-07-28 10:39:00+05:30,1275.4000244140625,1275.4000244140625,1275.0,1275.0999755859375,7194,0.0,0.0
2026-07-28 10:40:00+05:30,1275.0999755859375,1275.300048828125,1275.0,1275.0,7422,0.0,0.0
2026-07-28 10:41:00+05:30,1275.300048828125,1275.4000244140625,1275.199951171875,1275.4000244140625,8300,0.0,0.0
2026-07-28 10:42:00+05:30,1275.4000244140625,1275.5999755859375,1275.0,1275.300048828125,12837,0.0,0.0
2026-07-28 10:43:00+05:30,1275.199951171875,1275.5999755859375,1275.199951171875,1275.5,9293,0.0,0.0
2026-07-28 10:44:00+05:30,1275.5999755859375,1275.9000244140625,1275.5999755859375,1275.9000244140625,18505,0.0,0.0
2026-07-28 10:45:00+05:30,1275.699951171875,1276.0,1275.699951171875,1275.9000244140625,12976,0.0,0.0
2026-07-28 10:46:00+05:30,1275.5999755859375,1275.9000244140625,1275.5,1275.699951171875,9909,0.0,0.0
2026-07-28 10:47:00+05:30,1275.5999755859375,1275.9000244140625,1275.5999755859375,1275.5999755859375,11031,0.0,0.0
2026-07-28 10:48:00+05:30,1275.5999755859375,1275.699951171875,1275.5,1275.699951171875,14932,0.0,0.0
2026-07-28 10:49:00+05:30,1275.699951171875,1275.9000244140625,1275.4000244140625,1275.4000244140625,10697,0.0,0.0
2026-07-28 10:50:00+05:30,1275.5999755859375,1275.5999755859375,1275.0999755859375,1275.5999755859375,12901,0.0,0.0
2026-07-28 10:51:00+05:30,1275.699951171875,1275.800048828125,1275.5,1275.5,24264,0.0,0.0
2026-07-28 10:52:00+05:30,1275.5,1275.699951171875,1275.4000244140625,1275.699951171875,14574,0.0,0.0
2026-07-28 10:53:00+05:30,1275.699951171875,1275.800048828125,1275.5999755859375,1275.800048828125,10351,0.0,0.0
2026-07-28 10:54:00+05:30,1275.5999755859375,1277.0,1275.5999755859375,1277.0,41727,0.0,0.0
2026-07-28 10:55:00+05:30,1277.0,1277.5,1276.699951171875,1277.0,28374,0.0,0.0
2026-07-28 10:56:00+05:30,1277.0,1277.4000244140625,1276.699951171875,1277.300048828125,23681,0.0,0.0
2026-07-28 10:57:00+05:30,1277.300048828125,1277.4000244140625,1276.199951171875,1277.0,28497,0.0,0.0
2026-07-28 10:58:00+05:30,1277.0,1277.9000244140625,1276.9000244140625,1277.4000244140625,54803,0.0,0.0
2026-07-28 10:59:00+05:30,1277.5,1278.4000244140625,1277.199951171875,1278.0999755859375,49563,0.0,0.0
2026-07-28 11:00:00+05:30,1278.4000244140625,1279.199951171875,1278.4000244140625,1278.5,78160,0.0,0.0
2026-07-28 11:01:00+05:30,1278.5,1278.5,1276.4000244140625,1277.0,38471,0.0,0.0
2026-07-28 11:02:00+05:30,1277.0,1277.5,1277.0,1277.199951171875,21646,0.0,0.0
2026-07-28 11:03:00+05:30,1277.0999755859375,1277.199951171875,1276.9000244140625,1277.199951171875,23371,0.0,0.0
2026-07-28 11:04:00+05:30,1277.199951171875,1278.0999755859375,1277.0999755859375,1277.199951171875,15296,0.0,0.0
2026-07-28 11:05:00+05:30,1277.300048828125,1278.4000244140625,1277.300048828125,1278.300048828125,36794,0.0,0.0
2026-07-28 11:06:00+05:30,1278.300048828125,1278.5,1277.0,1277.199951171875,45614,0.0,0.0
2026-07-28 11:07:00+05:30,1277.199951171875,1277.199951171875,1276.5999755859375,1276.800048828125,7856,0.0,0.0
2026-07-28 11:08:00+05:30,1276.5999755859375,1277.0,1276.0,1276.0,7619,0.0,0.0
2026-07-28 11:09:00+05:30,1276.0999755859375,1276.300048828125,1275.5,1275.5,5280,0.0,0.0
2026-07-28 11:10:00+05:30,1275.5,1275.9000244140625,1275.300048828125,1275.5999755859375,7971,0.0,0.0
2026-07-28 11:11:00+05:30,1275.4000244140625,1275.5,1275.0999755859375,1275.199951171875,9482,0.0,0.0
2026-07-28 11:12:00+05:30,1275.0999755859375,1275.699951171875,1275.0999755859375,1275.0999755859375,45352,0.0,0.0
2026-07-28 11:13:00+05:30,1275.0999755859375,1275.699951171875,1275.0999755859375,1275.699951171875,7223,0.0,0.0
2026-07-28 11:14:00+05:30,1275.699951171875,1275.800048828125,1275.4000244140625,1275.699951171875,6099,0.0,0.0
2026-07-28 11:15:00+05:30,1275.9000244140625,1276.300048828125,1275.800048828125,1276.199951171875,17577,0.0,0.0
2026-07-28 11:16:00+05:30,1276.300048828125,1276.800048828125,1276.0,1276.0,14599,0.0,0.0
2026-07-28 11:17:00+05:30,1276.199951171875,1276.300048828125,1275.9000244140625,1276.199951171875,13497,0.0,0.0
2026-07-28 11:18:00+05:30,1276.199951171875,1276.800048828125,1276.199951171875,1276.699951171875,7954,0.0,0.0
2026-07-28 11:19:00+05:30,1276.5999755859375,1276.5999755859375,1275.699951171875,1276.0,8967,0.0,0.0
2026-07-28 11:20:00+05:30,1276.0,1276.0,1273.9000244140625,1274.300048828125,37274,0.0,0.0
2026-07-28 11:21:00+05:30,1275.5,1275.5,1275.0,1275.199951171875,32713,0.0,0.0
2026-07-28 11:22:00+05:30,1275.0999755859375,1275.199951171875,1275.0,1275.0,9064,0.0,0.0
2026-07-28 11:23:00+05:30,1275.0,1275.4000244140625,1275.0,1275.300048828125,14282,0.0,0.0
2026-07-28 11:24:00+05:30,1275.199951171875,1275.199951171875,1275.0,1275.0999755859375,5554,0.0,0.0
2026-07-28 11:25:00+05:30,1275.0,1275.0999755859375,1275.0,1275.0,19000,0.0,0.0
2026-07-28 11:26:00+05:30,1275.0999755859375,1275.0999755859375,1274.0,1274.0999755859375,52729,0.0,0.0
2026-07-28 11:27:00+05:30,1274.0999755859375,1274.4000244140625,1274.0999755859375,1274.4000244140625,10490,0.0,0.0
2026-07-28 11:28:00+05:30,1274.4000244140625,1275.0,1273.800048828125,1274.5,19308,0.0,0.0
2026-07-28 11:29:00+05:30,1274.5,1275.0999755859375,1274.0999755859375,1274.4000244140625,92492,0.0,0.0
2026-07-28 11:30:00+05:30,1274.4000244140625,1274.699951171875,1274.0,1274.0999755859375,9818,0.0,0.0
2026-07-28 11:31:00+05:30,1274.0,1274.4000244140625,1273.9000244140625,1274.4000244140625,10316,0.0,0.0
2026-07-28 11:32:00+05:30,1274.199951171875,1274.300048828125,1274.0,1274.300048828125,6829,0.0,0.0
2026-07-28 11:33:00+05:30,1274.199951171875,1274.199951171875,1274.0,1274.0,9849,0.0,0.0
2026-07-28 11:34:00+05:30,1274.0,1274.300048828125,1273.9000244140625,1274.0,10235,0.0,0.0
2026-07-28 11:35:00+05:30,1274.0,1274.199951171875,1273.5999755859375,1274.0,13501,0.0,0.0
2026-07-28 11:36:00+05:30,1274.0,1274.0,1273.5999755859375,1273.5999755859375,5652,0.0,0.0
2026-07-28 11:37:00+05:30,1273.5999755859375,1274.0,1273.5,1273.9000244140625,10637,0.0,0.0
2026-07-28 11:38:00+05:30,1273.9000244140625,1274.0,1273.5999755859375,1273.800048828125,5546,0.0,0.0
2026-07-28 11:39:00+05:30,1273.800048828125,1273.800048828125,1273.5999755859375,1273.699951171875,6621,0.0,0.0
2026-07-28 11:40:00+05:30,1273.5999755859375,1273.800048828125,1273.5,1273.5999755859375,6188,0.0,0.0
2026-07-28 11:41:00+05:30,1273.5999755859375,1273.699951171875,1273.5,1273.5,9972,0.0,0.0
2026-07-28 11:42:00+05:30,1273.5999755859375,1273.9000244140625,1273.5,1273.9000244140625,5486,0.0,0.0
2026-07-28 11:43:00+05:30,1273.9000244140625,1273.9000244140625,1273.5999755859375,1273.5999755859375,7577,0.0,0.0
2026-07-28 11:44:00+05:30,1273.699951171875,1273.699951171875,1273.199951171875,1273.199951171875,11326,0.0,0.0
2026-07-28 11:45:00+05:30,1273.199951171875,1273.300048828125,1272.9000244140625,1272.9000244140625,12911,0.0,0.0
2026-07-28 11:46:00+05:30,1273.0,1273.5,1272.800048828125,1273.5,20383,0.0,0.0
2026-07-28 11:47:00+05:30,1273.5,1274.5,1273.4000244140625,1273.699951171875,10364,0.0,0.0
2026-07-28 11:48:00+05:30,1273.699951171875,1274.0999755859375,1273.699951171875,1274.0999755859375,7078,0.0,0.0
2026-07-28 11:49:00+05:30,1273.9000244140625,1274.300048828125,1273.9000244140625,1274.0,8068,0.0,0.0
2026-07-28 11:50:00+05:30,1273.9000244140625,1274.0999755859375,1273.800048828125,1273.9000244140625,9630,0.0,0.0
2026-07-28 11:51:00+05:30,1273.800048828125,1273.9000244140625,1273.699951171875,1273.699951171875,4801,0.0,0.0
2026-07-28 11:52:00+05:30,1273.800048828125,1273.800048828125,1272.800048828125,1272.800048828125,34849,0.0,0.0
2026-07-28 11:53:00+05:30,1272.9000244140625,1273.0,1272.5,1272.5,12308,0.0,0.0
2026-07-28 11:54:00+05:30,1272.699951171875,1272.800048828125,1272.5,1272.5,10224,0.0,0.0
2026-07-28 11:55:00+05:30,1272.5,1272.699951171875,1272.4000244140625,1272.5,7751,0.0,0.0
2026-07-28 11:56:00+05:30,1272.5,1272.5,1272.0,1272.199951171875,21586,0.0,0.0
2026-07-28 11:57:00+05:30,1272.300048828125,1272.5,1272.0,1272.0,26575,0.0,0.0
2026-07-28 11:58:00+05:30,1272.0,1272.300048828125,1272.0,1272.199951171875,13308,0.0,0.0
2026-07-28 11:59:00+05:30,1272.199951171875,1272.199951171875,1272.0999755859375,1272.0999755859375,8636,0.0,0.0
2026-07-28 12:00:00+05:30,1272.199951171875,1272.199951171875,1272.0,1272.199951171875,9557,0.0,0.0
2026-07-28 12:01:00+05:30,1272.0999755859375,1272.199951171875,1272.0,1272.0999755859375,10833,0.0,0.0
2026-07-28 12:02:00+05:30,1272.199951171875,1272.300048828125,1272.0,1272.199951171875,15962,0.0,0.0
2026-07-28 12:03:00+05:30,1272.199951171875,1272.5,1272.199951171875,1272.300048828125,7207,0.0,0.0
2026-07-28 12:04:00+05:30,1272.300048828125,1272.5999755859375,1272.300048828125,1272.5,7724,0.0,0.0
2026-07-28 12:05:00+05:30,1272.5,1273.4000244140625,1272.5,1273.4000244140625,9810,0.0,0.0
2026-07-28 12:06:00+05:30,1273.4000244140625,1273.800048828125,1273.0,1273.0,10338,0.0,0.0
2026-07-28 12:07:00+05:30,1273.0,1273.699951171875,1273.0,1273.300048828125,10889,0.0,0.0
2026-07-28 12:08:00+05:30,1273.5,1273.5999755859375,1273.4000244140625,1273.4000244140625,6767,0.0,0.0
2026-07-28 12:09:00+05:30,1273.4000244140625,1273.5999755859375,1273.4000244140625,1273.4000244140625,6982,0.0,0.0
2026-07-28 12:10:00+05:30,1273.4000244140625,1273.5,1273.300048828125,1273.4000244140625,10211,0.0,0.0
2026-07-28 12:11:00+05:30,1273.4000244140625,1273.5999755859375,1273.4000244140625,1273.5,5826,0.0,0.0
2026-07-28 12:12:00+05:30,1273.5,1273.5999755859375,1273.300048828125,1273.5999755859375,10754,0.0,0.0
2026-07-28 12:13:00+05:30,1273.5999755859375,1273.5999755859375,1273.4000244140625,1273.4000244140625,11057,0.0,0.0
2026-07-28 12:14:00+05:30,1273.4000244140625,1273.5999755859375,1273.4000244140625,1273.5,8802,0.0,0.0
2026-07-28 12:15:00+05:30,1273.5,1273.5999755859375,1273.4000244140625,1273.4000244140625,5946,0.0,0.0
2026-07-28 12:16:00+05:30,1273.4000244140625,1273.5,1273.4000244140625,1273.4000244140625,7839,0.0,0.0
2026-07-28 12:17:00+05:30,1273.4000244140625,1273.4000244140625,1273.199951171875,1273.199951171875,10459,0.0,0.0
2026-07-28 12:18:00+05:30,1273.0999755859375,1273.4000244140625,1273.0999755859375,1273.199951171875,6856,0.0,0.0
2026-07-28 12:19:00+05:30,1273.199951171875,1273.5,1273.0999755859375,1273.199951171875,15371,0.0,0.0
2026-07-28 12:20:00+05:30,1273.199951171875,1273.5,1273.199951171875,1273.199951171875,8324,0.0,0.0
2026-07-28 12:21:00+05:30,1273.199951171875,1273.300048828125,1273.0,1273.0,8540,0.0,0.0
2026-07-28 12:22:00+05:30,1273.0,1273.0999755859375,1273.0,1273.0999755859375,8664,0.0,0.0
2026-07-28 12:23:00+05:30,1273.0999755859375,1273.5999755859375,1273.0,1273.5,18965,0.0,0.0
2026-07-28 12:24:00+05:30,1273.5,1273.5999755859375,1273.199951171875,1273.5,8197,0.0,0.0
2026-07-28 12:25:00+05:30,1273.5,1273.5999755859375,1273.199951171875,1273.199951171875,5789,0.0,0.0
2026-07-28 12:26:00+05:30,1273.300048828125,1273.5999755859375,1273.199951171875,1273.300048828125,9469,0.0,0.0
2026-07-28 12:27:00+05:30,1273.4000244140625,1273.5,1273.300048828125,1273.4000244140625,6574,0.0,0.0
2026-07-28 12:28:00+05:30,1273.4000244140625,1273.5999755859375,1273.300048828125,1273.4000244140625,7150,0.0,0.0
2026-07-28 12:29:00+05:30,1273.4000244140625,1273.699951171875,1273.199951171875,1273.199951171875,5844,0.0,0.0
2026-07-28 12:30:00+05:30,1273.199951171875,1273.5,1273.199951171875,1273.300048828125,7817,0.0,0.0
2026-07-28 12:31:00+05:30,1273.300048828125,1273.5,1273.300048828125,1273.5,9291,0.0,0.0
2026-07-28 12:32:00+05:30,1273.5,1273.699951171875,1273.5,1273.5999755859375,6686,0.0,0.0
2026-07-28 12:33:00+05:30,1273.5999755859375,1273.699951171875,1273.5,1273.5,6513,0.0,0.0
2026-07-28 12:34:00+05:30,1273.5999755859375,1274.0,1273.5999755859375,1273.9000244140625,8413,0.0,0.0
2026-07-28 12:35:00+05:30,1273.9000244140625,1274.0,1273.5,1273.699951171875,9438,0.0,0.0
2026-07-28 12:36:00+05:30,1273.5999755859375,1273.5999755859375,1273.199951171875,1273.199951171875,18546,0.0,0.0
2026-07-28 12:37:00+05:30,1273.199951171875,1273.5,1273.199951171875,1273.300048828125,9423,0.0,0.0
2026-07-28 12:38:00+05:30,1273.4000244140625,1273.5,1273.199951171875,1273.300048828125,6873,0.0,0.0
2026-07-28 12:39:00+05:30,1273.5,1273.699951171875,1273.300048828125,1273.300048828125,9255,0.0,0.0
2026-07-28 12:40:00+05:30,1273.300048828125,1273.5999755859375,1273.199951171875,1273.300048828125,5947,0.0,0.0
2026-07-28 12:41:00+05:30,1273.300048828125,1273.4000244140625,1273.0999755859375,1273.0999755859375,5852,0.0,0.0
2026-07-28 12:42:00+05:30,1273.0,1273.4000244140625,1273.0,1273.199951171875,10282,0.0,0.0
2026-07-28 12:43:00+05:30,1273.4000244140625,1273.4000244140625,1273.0999755859375,1273.0999755859375,9402,0.0,0.0
2026-07-28 12:44:00+05:30,1273.0999755859375,1273.199951171875,1273.0,1273.0,10020,0.0,0.0
2026-07-28 12:45:00+05:30,1273.0,1273.199951171875,1273.0,1273.0,7279,0.0,0.0
2026-07-28 12:46:00+05:30,1273.0999755859375,1273.300048828125,1273.0,1273.199951171875,7577,0.0,0.0
2026-07-28 12:47:00+05:30,1273.199951171875,1273.800048828125,1273.0,1273.0,23993,0.0,0.0
2026-07-28 12:48:00+05:30,1273.0,1273.300048828125,1273.0,1273.0,10213,0.0,0.0
2026-07-28 12:49:00+05:30,1273.0999755859375,1273.0999755859375,1273.0,1273.0,8599,0.0,0.0
2026-07-28 12:50:00+05:30,1273.0999755859375,1273.0999755859375,1273.0,1273.0999755859375,8487,0.0,0.0
2026-07-28 12:51:00+05:30,1273.0,1273.0999755859375,1273.0,1273.0,8552,0.0,0.0
2026-07-28 12:52:00+05:30,1273.0,1273.199951171875,1273.0,1273.0,8952,0.0,0.0
2026-07-28 12:53:00+05:30,1273.0,1273.0999755859375,1273.0,1273.0,7732,0.0,0.0
2026-07-28 12:54:00+05:30,1273.0,1273.0999755859375,1273.0,1273.0999755859375,8214,0.0,0.0
2026-07-28 12:55:00+05:30,1272.5,1272.5999755859375,1272.0,1272.0999755859375,60828,0.0,0.0
2026-07-28 12:56:00+05:30,1272.0999755859375,1272.5,1272.0,1272.4000244140625,18316,0.0,0.0
2026-07-28 12:57:00+05:30,1272.4000244140625,1272.5,1272.0999755859375,1272.199951171875,7037,0.0,0.0
2026-07-28 12:58:00+05:30,1272.199951171875,1272.5,1272.199951171875,1272.5,7545,0.0,0.0
2026-07-28 12:59:00+05:30,1272.5,1272.5,1272.199951171875,1272.199951171875,6043,0.0,0.0
2026-07-28 13:00:00+05:30,1272.0999755859375,1272.0999755859375,1272.0,1272.0,7664,0.0,0.0
2026-07-28 13:01:00+05:30,1272.0,1272.0,1271.800048828125,1271.9000244140625,8409,0.0,0.0
2026-07-28 13:02:00+05:30,1272.0999755859375,1272.300048828125,1272.0,1272.300048828125,10620,0.0,0.0
2026-07-28 13:03:00+05:30,1272.0999755859375,1272.300048828125,1272.0,1272.0,10530,0.0,0.0
2026-07-28 13:04:00+05:30,1272.0999755859375,1272.300048828125,1272.0,1272.0999755859375,9451,0.0,0.0
2026-07-28 13:05:00+05:30,1272.199951171875,1272.199951171875,1272.0999755859375,1272.199951171875,6938,0.0,0.0
2026-07-28 13:06:00+05:30,1272.199951171875,1272.4000244140625,1272.0999755859375,1272.300048828125,11409,0.0,0.0
2026-07-28 13:07:00+05:30,1272.5,1272.5999755859375,1272.300048828125,1272.300048828125,11028,0.0,0.0
2026-07-28 13:08:00+05:30,1272.5999755859375,1272.699951171875,1272.300048828125,1272.5,9211,0.0,0.0
2026-07-28 13:09:00+05:30,1272.5,1272.5,1272.199951171875,1272.199951171875,7314,0.0,0.0
2026-07-28 13:10:00+05:30,1272.300048828125,1272.4000244140625,1271.0,1271.800048828125,108324,0.0,0.0
2026-07-28 13:11:00+05:30,1271.800048828125,1271.9000244140625,1271.300048828125,1271.5999755859375,11669,0.0,0.0
2026-07-28 13:12:00+05:30,1271.5,1272.199951171875,1271.5,1272.199951171875,8666,0.0,0.0
2026-07-28 13:13:00+05:30,1272.199951171875,1272.800048828125,1272.0999755859375,1272.5999755859375,11304,0.0,0.0
2026-07-28 13:14:00+05:30,1272.5,1272.800048828125,1272.5,1272.5999755859375,7677,0.0,0.0
2026-07-28 13:15:00+05:30,1272.800048828125,1272.800048828125,1272.0999755859375,1272.0999755859375,9994,0.0,0.0
2026-07-28 13:16:00+05:30,1272.0999755859375,1272.0999755859375,1272.0,1272.0,11103,0.0,0.0
2026-07-28 13:17:00+05:30,1272.0,1272.300048828125,1272.0,1272.199951171875,4463,0.0,0.0
2026-07-28 13:18:00+05:30,1272.0999755859375,1272.0999755859375,1272.0,1272.0999755859375,6438,0.0,0.0
2026-07-28 13:19:00+05:30,1272.0999755859375,1272.0999755859375,1271.9000244140625,1272.0,7889,0.0,0.0
2026-07-28 13:20:00+05:30,1272.0,1272.199951171875,1271.9000244140625,1271.9000244140625,5690,0.0,0.0
2026-07-28 13:21:00+05:30,1272.0,1272.0999755859375,1271.800048828125,1272.0999755859375,7049,0.0,0.0
2026-07-28 13:22:00+05:30,1272.0999755859375,1272.800048828125,1272.0999755859375,1272.300048828125,14670,0.0,0.0
2026-07-28 13:23:00+05:30,1272.4000244140625,1272.9000244140625,1272.0,1272.4000244140625,12344,0.0,0.0
2026-07-28 13:24:00+05:30,1272.4000244140625,1273.0999755859375,1272.4000244140625,1272.800048828125,6814,0.0,0.0
2026-07-28 13:25:00+05:30,1272.699951171875,1272.800048828125,1272.5,1272.5,4635,0.0,0.0
2026-07-28 13:26:00+05:30,1272.5,1272.5999755859375,1271.699951171875,1271.699951171875,8831,0.0,0.0
2026-07-28 13:27:00+05:30,1271.699951171875,1272.0,1271.699951171875,1271.800048828125,7448,0.0,0.0
2026-07-28 13:28:00+05:30,1271.800048828125,1272.4000244140625,1271.800048828125,1272.0999755859375,10870,0.0,0.0
2026-07-28 13:29:00+05:30,1272.0999755859375,1272.4000244140625,1271.9000244140625,1272.0,5165,0.0,0.0
2026-07-28 13:30:00+05:30,1271.9000244140625,1272.0999755859375,1271.800048828125,1271.800048828125,8594,0.0,0.0
2026-07-28 13:31:00+05:30,1272.0,1272.300048828125,1271.9000244140625,1272.0999755859375,18010,0.0,0.0
2026-07-28 13:32:00+05:30,1272.0999755859375,1272.300048828125,1271.9000244140625,1272.199951171875,9120,0.0,0.0
2026-07-28 13:33:00+05:30,1272.0,1272.5,1271.9000244140625,1272.300048828125,14096,0.0,0.0
2026-07-28 13:34:00+05:30,1272.300048828125,1272.300048828125,1272.199951171875,1272.300048828125,5626,0.0,0.0
2026-07-28 13:35:00+05:30,1272.300048828125,1272.5999755859375,1272.0,1272.0,16949,0.0,0.0
2026-07-28 13:36:00+05:30,1271.9000244140625,1272.0,1271.699951171875,1271.699951171875,9554,0.0,0.0
2026-07-28 13:37:00+05:30,1271.800048828125,1272.0999755859375,1271.699951171875,1272.0,12666,0.0,0.0
2026-07-28 13:38:00+05:30,1272.0,1272.199951171875,1271.9000244140625,1272.0,8655,0.0,0.0
2026-07-28 13:39:00+05:30,1271.9000244140625,1271.9000244140625,1271.5999755859375,1271.699951171875,6021,0.0,0.0
2026-07-28 13:40:00+05:30,1271.699951171875,1271.800048828125,1271.5,1271.5999755859375,6934,0.0,0.0
2026-07-28 13:41:00+05:30,1271.4000244140625,1271.5,1271.199951171875,1271.199951171875,7565,0.0,0.0
2026-07-28 13:42:00+05:30,1271.199951171875,1271.199951171875,1271.0,1271.0999755859375,9513,0.0,0.0
2026-07-28 13:43:00+05:30,1271.0,1271.300048828125,1271.0,1271.199951171875,6951,0.0,0.0
2026-07-28 13:44:00+05:30,1271.199951171875,1271.300048828125,1271.0,1271.0999755859375,17323,0.0,0.0
2026-07-28 13:45:00+05:30,1271.0,1271.4000244140625,1271.0,1271.0999755859375,7242,0.0,0.0
2026-07-28 13:46:00+05:30,1271.0999755859375,1271.300048828125,1271.0999755859375,1271.199951171875,6863,0.0,0.0
2026-07-28 13:47:00+05:30,1271.0999755859375,1271.199951171875,1271.0,1271.199951171875,7521,0.0,0.0
2026-07-28 13:48:00+05:30,1271.0999755859375,1271.199951171875,1270.4000244140625,1270.699951171875,42279,0.0,0.0
2026-07-28 13:49:00+05:30,1270.699951171875,1270.9000244140625,1270.4000244140625,1270.9000244140625,8875,0.0,0.0
2026-07-28 13:50:00+05:30,1270.800048828125,1271.800048828125,1270.800048828125,1271.699951171875,20062,0.0,0.0
2026-07-28 13:51:00+05:30,1271.5999755859375,1272.300048828125,1271.5999755859375,1272.300048828125,34232,0.0,0.0
2026-07-28 13:52:00+05:30,1272.4000244140625,1272.5999755859375,1272.199951171875,1272.300048828125,38130,0.0,0.0
2026-07-28 13:53:00+05:30,1272.300048828125,1272.5999755859375,1272.300048828125,1272.5,39059,0.0,0.0
2026-07-28 13:54:00+05:30,1272.4000244140625,1272.800048828125,1272.4000244140625,1272.800048828125,32242,0.0,0.0
2026-07-28 13:55:00+05:30,1272.699951171875,1273.0,1272.0999755859375,1272.300048828125,33934,0.0,0.0
2026-07-28 13:56:00+05:30,1272.0999755859375,1272.4000244140625,1272.0,1272.0,7844,0.0,0.0
2026-07-28 13:57:00+05:30,1272.0999755859375,1272.0999755859375,1271.699951171875,1271.699951171875,9237,0.0,0.0
2026-07-28 13:58:00+05:30,1271.800048828125,1271.800048828125,1271.300048828125,1271.300048828125,11319,0.0,0.0
2026-07-28 13:59:00+05:30,1271.300048828125,1271.5999755859375,1270.4000244140625,1271.0,22758,0.0,0.0
2026-07-28 14:00:00+05:30,1271.0,1271.0999755859375,1270.699951171875,1270.699951171875,8005,0.0,0.0
2026-07-28 14:01:00+05:30,1270.699951171875,1271.800048828125,1270.699951171875,1271.300048828125,14713,0.0,0.0
2026-07-28 14:02:00+05:30,1271.300048828125,1271.699951171875,1271.0,1271.199951171875,6655,0.0,0.0
2026-07-28 14:03:00+05:30,1271.199951171875,1271.5999755859375,1271.0999755859375,1271.5,9123,0.0,0.0
2026-07-28 14:04:00+05:30,1271.5999755859375,1271.5999755859375,1271.0999755859375,1271.0999755859375,37837,0.0,0.0
2026-07-28 14:05:00+05:30,1271.4000244140625,1271.4000244140625,1270.9000244140625,1271.0999755859375,64584,0.0,0.0
2026-07-28 14:06:00+05:30,1271.0999755859375,1271.5,1270.199951171875,1270.699951171875,37282,0.0,0.0
2026-07-28 14:07:00+05:30,1270.800048828125,1271.800048828125,1270.800048828125,1271.5,9947,0.0,0.0
2026-07-28 14:08:00+05:30,1271.5,1272.199951171875,1271.5,1271.800048828125,11759,0.0,0.0
2026-07-28 14:09:00+05:30,1271.9000244140625,1272.5999755859375,1271.800048828125,1272.199951171875,14084,0.0,0.0
2026-07-28 14:10:00+05:30,1272.199951171875,1272.300048828125,1272.0999755859375,1272.0999755859375,3456,0.0,0.0
2026-07-28 14:11:00+05:30,1272.199951171875,1272.199951171875,1271.9000244140625,1272.0,5630,0.0,0.0
2026-07-28 14:12:00+05:30,1272.0,1272.0,1271.5999755859375,1271.5999755859375,7497,0.0,0.0
2026-07-28 14:13:00+05:30,1271.5999755859375,1271.5999755859375,1271.0,1271.0999755859375,6262,0.0,0.0
2026-07-28 14:14:00+05:30,1271.0999755859375,1271.0999755859375,1271.0,1271.0,6079,0.0,0.0
2026-07-28 14:15:00+05:30,1271.0999755859375,1272.199951171875,1271.0999755859375,1271.5,17834,0.0,0.0
2026-07-28 14:16:00+05:30,1271.5,1271.5,1271.300048828125,1271.300048828125,4483,0.0,0.0
2026-07-28 14:17:00+05:30,1271.4000244140625,1271.4000244140625,1271.0999755859375,1271.300048828125,5032,0.0,0.0
2026-07-28 14:18:00+05:30,1271.300048828125,1271.300048828125,1271.0,1271.0,6636,0.0,0.0
2026-07-28 14:19:00+05:30,1271.0999755859375,1271.0999755859375,1271.0,1271.0,12631,0.0,0.0
2026-07-28 14:20:00+05:30,1271.0999755859375,1272.0,1271.0999755859375,1271.5999755859375,18495,0.0,0.0
2026-07-28 14:21:00+05:30,1271.5999755859375,1271.699951171875,1271.0,1271.0999755859375,6902,0.0,0.0
2026-07-28 14:22:00+05:30,1271.0999755859375,1271.300048828125,1271.0,1271.199951171875,8967,0.0,0.0
2026-07-28 14:23:00+05:30,1271.199951171875,1271.300048828125,1271.0999755859375,1271.0999755859375,5995,0.0,0.0
2026-07-28 14:24:00+05:30,1271.199951171875,1271.199951171875,1271.0,1271.0,7521,0.0,0.0
2026-07-28 14:25:00+05:30,1271.0999755859375,1272.0,1271.0,1271.5999755859375,28291,0.0,0.0
2026-07-28 14:26:00+05:30,1271.9000244140625,1271.9000244140625,1271.199951171875,1271.5999755859375,9801,0.0,0.0
2026-07-28 14:27:00+05:30,1271.5,1271.699951171875,1271.0999755859375,1271.0999755859375,9199,0.0,0.0
2026-07-28 14:28:00+05:30,1271.0999755859375,1271.199951171875,1271.0999755859375,1271.199951171875,5299,0.0,0.0
2026-07-28 14:29:00+05:30,1271.199951171875,1271.199951171875,1271.0999755859375,1271.199951171875,4818,0.0,0.0
2026-07-28 14:30:00+05:30,1271.0,1271.0,1270.5,1270.800048828125,17134,0.0,0.0
2026-07-28 14:31:00+05:30,1270.699951171875,1270.800048828125,1270.5,1270.5999755859375,8867,0.0,0.0
2026-07-28 14:32:00+05:30,1270.5999755859375,1270.9000244140625,1270.0999755859375,1270.4000244140625,11818,0.0,0.0
2026-07-28 14:33:00+05:30,1270.4000244140625,1270.4000244140625,1270.0,1270.0,14941,0.0,0.0
2026-07-28 14:34:00+05:30,1270.0999755859375,1270.0999755859375,1270.0,1270.0999755859375,13232,0.0,0.0
2026-07-28 14:35:00+05:30,1270.0,1270.4000244140625,1270.0,1270.199951171875,36643,0.0,0.0
2026-07-28 14:36:00+05:30,1270.4000244140625,1270.4000244140625,1270.0999755859375,1270.199951171875,15643,0.0,0.0
2026-07-28 14:37:00+05:30,1270.199951171875,1270.300048828125,1270.0,1270.0,15278,0.0,0.0
2026-07-28 14:38:00+05:30,1270.0,1270.300048828125,1270.0,1270.199951171875,12440,0.0,0.0
2026-07-28 14:39:00+05:30,1270.0999755859375,1270.300048828125,1270.0,1270.0999755859375,11919,0.0,0.0
2026-07-28 14:40:00+05:30,1270.0,1270.4000244140625,1270.0,1270.4000244140625,34803,0.0,0.0
2026-07-28 14:41:00+05:30,1270.300048828125,1270.4000244140625,1270.0,1270.199951171875,16779,0.0,0.0
2026-07-28 14:42:00+05:30,1270.199951171875,1270.300048828125,1270.0,1270.0999755859375,21563,0.0,0.0
2026-07-28 14:43:00+05:30,1270.0999755859375,1270.0999755859375,1268.699951171875,1268.699951171875,82463,0.0,0.0
2026-07-28 14:44:00+05:30,1269.0999755859375,1270.0,1268.4000244140625,1270.0,71953,0.0,0.0
2026-07-28 14:45:00+05:30,1269.9000244140625,1269.9000244140625,1268.5,1268.5,21231,0.0,0.0
2026-07-28 14:46:00+05:30,1268.5999755859375,1269.0999755859375,1268.300048828125,1268.699951171875,18123,0.0,0.0
2026-07-28 14:47:00+05:30,1268.699951171875,1268.800048828125,1268.199951171875,1268.199951171875,31578,0.0,0.0
2026-07-28 14:48:00+05:30,1268.199951171875,1268.199951171875,1268.0,1268.0,57678,0.0,0.0
2026-07-28 14:49:00+05:30,1268.0,1268.199951171875,1266.9000244140625,1267.199951171875,62736,0.0,0.0
2026-07-28 14:50:00+05:30,1267.199951171875,1267.4000244140625,1266.5999755859375,1266.9000244140625,79478,0.0,0.0
2026-07-28 14:51:00+05:30,1266.9000244140625,1267.9000244140625,1266.9000244140625,1267.800048828125,51020,0.0,0.0
2026-07-28 14:52:00+05:30,1267.699951171875,1268.4000244140625,1267.5999755859375,1268.0,16522,0.0,0.0
2026-07-28 14:53:00+05:30,1268.0,1268.0,1267.0999755859375,1267.199951171875,16468,0.0,0.0
2026-07-28 14:54:00+05:30,1267.0999755859375,1268.300048828125,1267.0999755859375,1267.9000244140625,40435,0.0,0.0
2026-07-28 14:55:00+05:30,1267.5,1268.0999755859375,1267.199951171875,1267.300048828125,21503,0.0,0.0
2026-07-28 14:56:00+05:30,1267.0999755859375,1267.5,1267.0999755859375,1267.5,16585,0.0,0.0
2026-07-28 14:57:00+05:30,1267.5,1267.800048828125,1267.4000244140625,1267.5999755859375,15416,0.0,0.0
2026-07-28 14:58:00+05:30,1267.5,1267.800048828125,1267.0,1267.0999755859375,24313,0.0,0.0
2026-07-28 14:59:00+05:30,1267.199951171875,1267.5999755859375,1267.0,1267.300048828125,20403,0.0,0.0
2026-07-28 15:00:00+05:30,1267.4000244140625,1267.9000244140625,1266.300048828125,1266.300048828125,113642,0.0,0.0
2026-07-28 15:01:00+05:30,1266.4000244140625,1266.4000244140625,1266.199951171875,1266.199951171875,38720,0.0,0.0
2026-07-28 15:02:00+05:30,1266.199951171875,1266.9000244140625,1266.199951171875,1266.5999755859375,166824,0.0,0.0
2026-07-28 15:03:00+05:30,1266.5,1266.699951171875,1266.5,1266.699951171875,46970,0.0,0.0
2026-07-28 15:04:00+05:30,1266.699951171875,1266.800048828125,1266.300048828125,1266.5999755859375,113145,0.0,0.0
2026-07-28 15:05:00+05:30,1266.5999755859375,1266.699951171875,1266.4000244140625,1266.699951171875,107055,0.0,0.0
2026-07-28 15:06:00+05:30,1266.699951171875,1266.9000244140625,1266.699951171875,1266.9000244140625,106365,0.0,0.0
2026-07-28 15:07:00+05:30,1266.9000244140625,1266.9000244140625,1266.199951171875,1266.300048828125,74773,0.0,0.0
2026-07-28 15:08:00+05:30,1266.0999755859375,1266.9000244140625,1266.0999755859375,1266.9000244140625,153756,0.0,0.0
2026-07-28 15:09:00+05:30,1267.0,1267.199951171875,1266.9000244140625,1267.199951171875,65132,0.0,0.0
2026-07-28 15:10:00+05:30,1267.0,1267.199951171875,1266.5999755859375,1266.9000244140625,67436,0.0,0.0
2026-07-28 15:11:00+05:30,1266.9000244140625,1268.199951171875,1266.9000244140625,1268.0,202406,0.0,0.0
2026-07-28 15:12:00+05:30,1268.0,1268.199951171875,1267.0999755859375,1267.199951171875,87315,0.0,0.0
2026-07-28 15:13:00+05:30,1267.199951171875,1268.5999755859375,1267.0999755859375,1268.5,141299,0.0,0.0
2026-07-28 15:14:00+05:30,1268.4000244140625,1268.5999755859375,1268.4000244140625,1268.5999755859375,68459,0.0,0.0
2026-07-28 15:15:00+05:30,1268.5,1268.800048828125,1268.5,1268.800048828125,68072,0.0,0.0
2026-07-28 15:16:00+05:30,1268.699951171875,1269.0,1268.5,1268.5999755859375,139139,0.0,0.0
2026-07-28 15:17:00+05:30,1268.5999755859375,1268.5999755859375,1267.5,1267.5,214714,0.0,0.0
2026-07-28 15:18:00+05:30,1267.5999755859375,1267.699951171875,1267.199951171875,1267.4000244140625,170396,0.0,0.0
2026-07-28 15:19:00+05:30,1267.4000244140625,1267.4000244140625,1266.9000244140625,1267.0999755859375,184933,0.0,0.0
2026-07-28 15:20:00+05:30,1267.0999755859375,1268.0,1267.0,1268.0,194893,0.0,0.0
2026-07-28 15:21:00+05:30,1268.0,1268.300048828125,1267.9000244140625,1268.199951171875,60032,0.0,0.0
2026-07-28 15:22:00+05:30,1268.300048828125,1268.4000244140625,1267.699951171875,1267.9000244140625,112201,0.0,0.0
2026-07-28 15:23:00+05:30,1267.9000244140625,1269.0,1267.5999755859375,1269.0,158638,0.0,0.0
2026-07-28 15:24:00+05:30,1269.0,1269.800048828125,1268.9000244140625,1269.5999755859375,98400,0.0,0.0
2026-07-28 15:25:00+05:30,1269.5999755859375,1269.800048828125,1269.199951171875,1269.800048828125,90185,0.0,0.0
2026-07-28 15:26:00+05:30,1269.800048828125,1269.9000244140625,1269.699951171875,1269.800048828125,125652,0.0,0.0
2026-07-28 15:27:00+05:30,1269.9000244140625,1269.9000244140625,1269.699951171875,1269.800048828125,102896,0.0,0.0
2026-07-28 15:28:00+05:30,1270.0,1271.0,1269.9000244140625,1271.0,82134,0.0,0.0
2026-07-28 15:29:00+05:30,1271.0,1272.0,1270.9000244140625,1271.5999755859375,37975,0.0,0.0
2026-07-29 09:15:00+05:30,1276.0,1276.0,1272.9000244140625,1273.4000244140625,0,0.0,0.0
2026-07-29 09:16:00+05:30,1273.0,1273.699951171875,1272.0999755859375,1272.300048828125,62699,0.0,0.0
2026-07-29 09:17:00+05:30,1272.5,1273.5999755859375,1272.5,1273.199951171875,70647,0.0,0.0
2026-07-29 09:18:00+05:30,1273.0999755859375,1273.9000244140625,1273.0999755859375,1273.9000244140625,32876,0.0,0.0
2026-07-29 09:19:00+05:30,1273.4000244140625,1274.300048828125,1273.4000244140625,1274.0999755859375,41694,0.0,0.0
2026-07-29 09:20:00+05:30,1274.4000244140625,1274.4000244140625,1273.9000244140625,1274.0,42879,0.0,0.0
2026-07-29 09:21:00+05:30,1274.0,1275.0,1274.0,1274.5,31446,0.0,0.0
2026-07-29 09:22:00+05:30,1274.199951171875,1274.199951171875,1273.800048828125,1274.0,21496,0.0,0.0
2026-07-29 09:23:00+05:30,1274.0,1274.0,1273.5,1273.5,16607,0.0,0.0
2026-07-29 09:24:00+05:30,1273.300048828125,1273.800048828125,1273.300048828125,1273.5999755859375,22683,0.0,0.0
2026-07-29 09:25:00+05:30,1273.5999755859375,1273.5999755859375,1272.4000244140625,1272.5,24896,0.0,0.0
2026-07-29 09:26:00+05:30,1272.5,1273.300048828125,1272.300048828125,1273.0,35883,0.0,0.0
2026-07-29 09:27:00+05:30,1273.5999755859375,1274.9000244140625,1273.5999755859375,1274.5999755859375,18034,0.0,0.0
2026-07-29 09:28:00+05:30,1274.9000244140625,1274.9000244140625,1274.699951171875,1274.800048828125,15827,0.0,0.0
2026-07-29 09:29:00+05:30,1274.699951171875,1274.800048828125,1274.5,1274.699951171875,12468,0.0,0.0
2026-07-29 09:30:00+05:30,1274.699951171875,1276.199951171875,1274.699951171875,1276.199951171875,44239,0.0,0.0
2026-07-29 09:31:00+05:30,1276.4000244140625,1280.0,1276.199951171875,1279.699951171875,65338,0.0,0.0
2026-07-29 09:32:00+05:30,1279.699951171875,1279.699951171875,1278.5999755859375,1279.199951171875,53816,0.0,0.0
2026-07-29 09:33:00+05:30,1279.199951171875,1279.199951171875,1276.800048828125,1276.800048828125,43284,0.0,0.0
2026-07-29 09:34:00+05:30,1276.9000244140625,1277.4000244140625,1276.5999755859375,1276.800048828125,24764,0.0,0.0
2026-07-29 09:35:00+05:30,1276.800048828125,1277.5,1276.800048828125,1277.0999755859375,46867,0.0,0.0
2026-07-29 09:36:00+05:30,1277.300048828125,1277.5,1276.4000244140625,1276.4000244140625,17832,0.0,0.0
2026-07-29 09:37:00+05:30,1276.4000244140625,1276.5999755859375,1276.199951171875,1276.4000244140625,19085,0.0,0.0
2026-07-29 09:38:00+05:30,1276.4000244140625,1276.4000244140625,1276.0,1276.4000244140625,22096,0.0,0.0
2026-07-29 09:39:00+05:30,1276.699951171875,1277.4000244140625,1276.5999755859375,1277.4000244140625,15780,0.0,0.0
2026-07-29 09:40:00+05:30,1277.300048828125,1278.5,1277.0999755859375,1277.9000244140625,38435,0.0,0.0
2026-07-29 09:41:00+05:30,1277.9000244140625,1277.9000244140625,1276.5,1276.5999755859375,16799,0.0,0.0
2026-07-29 09:42:00+05:30,1276.5999755859375,1276.699951171875,1276.0,1276.199951171875,28211,0.0,0.0
2026-07-29 09:43:00+05:30,1276.0999755859375,1276.300048828125,1275.9000244140625,1275.9000244140625,14387,0.0,0.0
2026-07-29 09:44:00+05:30,1276.0,1276.199951171875,1276.0,1276.0,19821,0.0,0.0
2026-07-29 09:45:00+05:30,1276.0,1276.800048828125,1275.800048828125,1276.800048828125,28971,0.0,0.0
2026-07-29 09:46:00+05:30,1276.800048828125,1276.800048828125,1276.5,1276.5999755859375,9049,0.0,0.0
2026-07-29 09:47:00+05:30,1276.699951171875,1277.0,1276.5999755859375,1276.699951171875,11843,0.0,0.0
2026-07-29 09:48:00+05:30,1277.0999755859375,1277.199951171875,1276.699951171875,1277.0,17107,0.0,0.0
2026-07-29 09:49:00+05:30,1277.0,1277.0,1275.699951171875,1276.0,24575,0.0,0.0
2026-07-29 09:50:00+05:30,1275.9000244140625,1275.9000244140625,1275.0,1275.0999755859375,30542,0.0,0.0
2026-07-29 09:51:00+05:30,1275.0999755859375,1275.199951171875,1275.0,1275.0,9326,0.0,0.0
2026-07-29 09:52:00+05:30,1275.0999755859375,1275.9000244140625,1275.0999755859375,1275.800048828125,31112,0.0,0.0
2026-07-29 09:53:00+05:30,1276.0,1276.199951171875,1275.5999755859375,1275.5999755859375,24938,0.0,0.0
2026-07-29 09:54:00+05:30,1275.5,1275.5,1275.4000244140625,1275.5,12475,0.0,0.0
2026-07-29 09:55:00+05:30,1275.199951171875,1275.5,1275.0999755859375,1275.0999755859375,3533,0.0,0.0
2026-07-29 09:56:00+05:30,1274.9000244140625,1274.9000244140625,1274.699951171875,1274.699951171875,14770,0.0,0.0
2026-07-29 09:57:00+05:30,1274.699951171875,1274.800048828125,1274.5,1274.5,8282,0.0,0.0
2026-07-29 09:58:00+05:30,1274.699951171875,1274.699951171875,1273.800048828125,1273.800048828125,18780,0.0,0.0
2026-07-29 09:59:00+05:30,1273.5,1273.800048828125,1273.5,1273.5,21073,0.0,0.0
2026-07-29 10:00:00+05:30,1273.5,1273.699951171875,1273.0,1273.0999755859375,14173,0.0,0.0
2026-07-29 10:01:00+05:30,1273.199951171875,1273.199951171875,1272.5,1272.9000244140625,24546,0.0,0.0
2026-07-29 10:02:00+05:30,1272.9000244140625,1273.0,1272.4000244140625,1272.4000244140625,36030,0.0,0.0
2026-07-29 10:03:00+05:30,1272.5999755859375,1273.800048828125,1272.5,1273.0999755859375,53858,0.0,0.0
2026-07-29 10:04:00+05:30,1273.5,1273.699951171875,1273.300048828125,1273.5999755859375,7181,0.0,0.0
2026-07-29 10:05:00+05:30,1273.5999755859375,1273.800048828125,1273.5999755859375,1273.800048828125,15773,0.0,0.0
2026-07-29 10:06:00+05:30,1273.9000244140625,1274.0,1273.4000244140625,1273.699951171875,18268,0.0,0.0
2026-07-29 10:07:00+05:30,1273.699951171875,1273.9000244140625,1273.4000244140625,1273.9000244140625,13499,0.0,0.0
2026-07-29 10:08:00+05:30,1274.0,1274.0,1273.0,1273.300048828125,20356,0.0,0.0
2026-07-29 10:09:00+05:30,1273.699951171875,1273.699951171875,1273.300048828125,1273.5999755859375,6694,0.0,0.0
2026-07-29 10:10:00+05:30,1273.5999755859375,1273.800048828125,1273.4000244140625,1273.699951171875,21944,0.0,0.0
2026-07-29 10:11:00+05:30,1273.800048828125,1273.9000244140625,1273.800048828125,1273.800048828125,47360,0.0,0.0
2026-07-29 10:12:00+05:30,1273.800048828125,1273.800048828125,1272.5999755859375,1272.699951171875,75948,0.0,0.0
2026-07-29 10:13:00+05:30,1272.800048828125,1273.0999755859375,1272.5999755859375,1273.0999755859375,56368,0.0,0.0
2026-07-29 10:14:00+05:30,1273.0999755859375,1274.0,1273.0,1273.699951171875,46749,0.0,0.0
2026-07-29 10:15:00+05:30,1273.4000244140625,1273.5999755859375,1273.4000244140625,1273.5999755859375,6891,0.0,0.0
2026-07-29 10:16:00+05:30,1273.5999755859375,1274.5,1273.5999755859375,1274.199951171875,23624,0.0,0.0
2026-07-29 10:17:00+05:30,1274.0999755859375,1274.4000244140625,1273.0,1273.300048828125,35153,0.0,0.0
2026-07-29 10:18:00+05:30,1273.300048828125,1273.300048828125,1272.5999755859375,1272.699951171875,16142,0.0,0.0
2026-07-29 10:19:00+05:30,1272.5999755859375,1272.5999755859375,1272.199951171875,1272.199951171875,9887,0.0,0.0
2026-07-29 10:20:00+05:30,1272.5999755859375,1272.5999755859375,1272.300048828125,1272.300048828125,11691,0.0,0.0
2026-07-29 10:21:00+05:30,1272.5,1272.5999755859375,1272.5,1272.5,6327,0.0,0.0
2026-07-29 10:22:00+05:30,1272.5999755859375,1272.9000244140625,1272.5999755859375,1272.9000244140625,17106,0.0,0.0
2026-07-29 10:23:00+05:30,1272.800048828125,1272.9000244140625,1272.5999755859375,1272.800048828125,7359,0.0,0.0
2026-07-29 10:24:00+05:30,1272.800048828125,1272.800048828125,1271.800048828125,1272.5,60512,0.0,0.0
2026-07-29 10:25:00+05:30,1272.5,1272.5999755859375,1271.800048828125,1272.0,15678,0.0,0.0
2026-07-29 10:26:00+05:30,1272.0,1272.0,1271.699951171875,1271.800048828125,6736,0.0,0.0
2026-07-29 10:27:00+05:30,1271.800048828125,1271.9000244140625,1271.699951171875,1271.9000244140625,12456,0.0,0.0
2026-07-29 10:28:00+05:30,1271.800048828125,1272.199951171875,1271.800048828125,1272.0,26544,0.0,0.0
2026-07-29 10:29:00+05:30,1272.0,1272.0,1271.199951171875,1271.300048828125,16956,0.0,0.0
2026-07-29 10:30:00+05:30,1271.199951171875,1271.5,1271.199951171875,1271.300048828125,14906,0.0,0.0
2026-07-29 10:31:00+05:30,1271.300048828125,1271.4000244140625,1271.0,1271.4000244140625,24936,0.0,0.0
2026-07-29 10:32:00+05:30,1271.4000244140625,1271.4000244140625,1271.199951171875,1271.300048828125,6704,0.0,0.0
2026-07-29 10:33:00+05:30,1271.199951171875,1271.5,1271.199951171875,1271.5,10310,0.0,0.0
2026-07-29 10:34:00+05:30,1271.4000244140625,1272.199951171875,1271.300048828125,1272.199951171875,17733,0.0,0.0
2026-07-29 10:35:00+05:30,1272.199951171875,1272.300048828125,1271.5999755859375,1271.9000244140625,33022,0.0,0.0
2026-07-29 10:36:00+05:30,1271.9000244140625,1271.9000244140625,1271.5,1271.5,7949,0.0,0.0
2026-07-29 10:37:00+05:30,1271.699951171875,1271.699951171875,1271.5,1271.699951171875,5937,0.0,0.0
2026-07-29 10:38:00+05:30,1271.5999755859375,1271.800048828125,1271.5999755859375,1271.800048828125,7793,0.0,0.0
2026-07-29 10:39:00+05:30,1271.800048828125,1271.9000244140625,1271.5,1271.699951171875,10509,0.0,0.0
2026-07-29 10:40:00+05:30,1271.5,1271.5,1271.0999755859375,1271.4000244140625,31022,0.0,0.0
2026-07-29 10:41:00+05:30,1271.4000244140625,1271.4000244140625,1271.0999755859375,1271.4000244140625,13518,0.0,0.0
2026-07-29 10:42:00+05:30,1271.0999755859375,1271.300048828125,1271.0999755859375,1271.199951171875,10562,0.0,0.0
2026-07-29 10:43:00+05:30,1271.4000244140625,1271.4000244140625,1271.199951171875,1271.199951171875,7234,0.0,0.0
2026-07-29 10:44:00+05:30,1271.4000244140625,1271.4000244140625,1271.199951171875,1271.300048828125,4761,0.0,0.0
2026-07-29 10:45:00+05:30,1271.300048828125,1271.300048828125,1270.4000244140625,1270.4000244140625,30716,0.0,0.0
2026-07-29 10:46:00+05:30,1270.4000244140625,1270.800048828125,1270.4000244140625,1270.5999755859375,9536,0.0,0.0
2026-07-29 10:47:00+05:30,1270.5999755859375,1270.5999755859375,1270.4000244140625,1270.5,11177,0.0,0.0
2026-07-29 10:48:00+05:30,1270.5999755859375,1270.5999755859375,1270.0999755859375,1270.199951171875,24539,0.0,0.0
2026-07-29 10:49:00+05:30,1270.300048828125,1270.4000244140625,1270.199951171875,1270.300048828125,11801,0.0,0.0
2026-07-29 10:50:00+05:30,1270.4000244140625,1270.4000244140625,1270.300048828125,1270.300048828125,9565,0.0,0.0
2026-07-29 10:51:00+05:30,1270.300048828125,1270.300048828125,1270.0,1270.0,9886,0.0,0.0
2026-07-29 10:52:00+05:30,1270.0999755859375,1270.0999755859375,1270.0,1270.0999755859375,10904,0.0,0.0
2026-07-29 10:53:00+05:30,1270.0,1270.0999755859375,1269.0999755859375,1269.5999755859375,63126,0.0,0.0
2026-07-29 10:54:00+05:30,1269.4000244140625,1269.800048828125,1269.300048828125,1269.800048828125,10905,0.0,0.0
2026-07-29 10:55:00+05:30,1269.800048828125,1270.0,1269.5,1269.800048828125,18405,0.0,0.0
2026-07-29 10:56:00+05:30,1269.800048828125,1271.5,1269.5999755859375,1271.4000244140625,34154,0.0,0.0
2026-07-29 10:57:00+05:30,1271.4000244140625,1271.4000244140625,1270.800048828125,1271.300048828125,10610,0.0,0.0
2026-07-29 10:58:00+05:30,1271.300048828125,1271.300048828125,1270.9000244140625,1270.9000244140625,6030,0.0,0.0
2026-07-29 10:59:00+05:30,1271.199951171875,1271.199951171875,1270.199951171875,1270.4000244140625,14707,0.0,0.0
2026-07-29 11:00:00+05:30,1270.4000244140625,1270.4000244140625,1270.199951171875,1270.199951171875,10608,0.0,0.0
2026-07-29 11:01:00+05:30,1270.0999755859375,1270.0999755859375,1269.699951171875,1269.800048828125,16148,0.0,0.0
2026-07-29 11:02:00+05:30,1269.9000244140625,1270.0,1269.800048828125,1270.0,8121,0.0,0.0
2026-07-29 11:03:00+05:30,1270.0,1270.9000244140625,1269.9000244140625,1270.9000244140625,22742,0.0,0.0
2026-07-29 11:04:00+05:30,1270.9000244140625,1271.199951171875,1270.5,1270.699951171875,13060,0.0,0.0
2026-07-29 11:05:00+05:30,1270.699951171875,1270.699951171875,1270.5999755859375,1270.699951171875,6234,0.0,0.0
2026-07-29 11:06:00+05:30,1270.5999755859375,1270.5999755859375,1270.199951171875,1270.300048828125,8813,0.0,0.0
2026-07-29 11:07:00+05:30,1270.300048828125,1270.300048828125,1270.199951171875,1270.199951171875,11040,0.0,0.0
2026-07-29 11:08:00+05:30,1270.300048828125,1270.4000244140625,1270.199951171875,1270.199951171875,10844,0.0,0.0
2026-07-29 11:09:00+05:30,1270.4000244140625,1270.4000244140625,1270.199951171875,1270.4000244140625,7441,0.0,0.0
2026-07-29 11:10:00+05:30,1270.4000244140625,1270.5,1270.300048828125,1270.4000244140625,17406,0.0,0.0
2026-07-29 11:11:00+05:30,1270.300048828125,1270.300048828125,1269.800048828125,1270.199951171875,28592,0.0,0.0
2026-07-29 11:12:00+05:30,1270.0999755859375,1270.699951171875,1270.0999755859375,1270.699951171875,5487,0.0,0.0
2026-07-29 11:13:00+05:30,1270.699951171875,1271.0999755859375,1270.699951171875,1271.0,23066,0.0,0.0
2026-07-29 11:14:00+05:30,1271.0,1271.0,1270.699951171875,1271.0,29210,0.0,0.0
2026-07-29 11:15:00+05:30,1271.0,1271.0,1270.5,1270.5999755859375,33272,0.0,0.0
2026-07-29 11:16:00+05:30,1270.5,1270.800048828125,1270.5,1270.5,12802,0.0,0.0
2026-07-29 11:17:00+05:30,1270.5999755859375,1271.0,1270.5999755859375,1271.0,10245,0.0,0.0
2026-07-29 11:18:00+05:30,1270.800048828125,1270.9000244140625,1270.0,1270.199951171875,33181,0.0,0.0
2026-07-29 11:19:00+05:30,1270.4000244140625,1270.5,1270.0999755859375,1270.4000244140625,8982,0.0,0.0
2026-07-29 11:20:00+05:30,1270.199951171875,1270.199951171875,1269.5999755859375,1270.0,14285,0.0,0.0
2026-07-29 11:21:00+05:30,1269.9000244140625,1270.0999755859375,1269.699951171875,1270.0999755859375,8451,0.0,0.0
2026-07-29 11:22:00+05:30,1270.0999755859375,1270.800048828125,1270.0,1270.5,8095,0.0,0.0
2026-07-29 11:23:00+05:30,1270.800048828125,1271.9000244140625,1270.5,1271.5,45017,0.0,0.0
2026-07-29 11:24:00+05:30,1271.699951171875,1272.0999755859375,1271.5,1272.0999755859375,17710,0.0,0.0
2026-07-29 11:25:00+05:30,1271.199951171875,1271.5999755859375,1270.800048828125,1270.9000244140625,59636,0.0,0.0
2026-07-29 11:26:00+05:30,1270.800048828125,1270.9000244140625,1270.4000244140625,1270.4000244140625,8896,0.0,0.0
2026-07-29 11:27:00+05:30,1270.199951171875,1270.300048828125,1270.0999755859375,1270.300048828125,7925,0.0,0.0
2026-07-29 11:28:00+05:30,1270.300048828125,1270.4000244140625,1270.0,1270.4000244140625,20524,0.0,0.0
2026-07-29 11:29:00+05:30,1270.0999755859375,1270.4000244140625,1269.699951171875,1269.800048828125,36988,0.0,0.0
2026-07-29 11:30:00+05:30,1269.699951171875,1269.699951171875,1269.0,1269.0999755859375,54331,0.0,0.0
2026-07-29 11:31:00+05:30,1269.300048828125,1270.5,1269.300048828125,1270.0,23451,0.0,0.0
2026-07-29 11:32:00+05:30,1270.0,1270.199951171875,1269.5,1270.0,13764,0.0,0.0
2026-07-29 11:33:00+05:30,1270.0,1270.0999755859375,1269.699951171875,1269.699951171875,4708,0.0,0.0
2026-07-29 11:34:00+05:30,1269.699951171875,1270.0999755859375,1269.699951171875,1270.0,7393,0.0,0.0
2026-07-29 11:35:00+05:30,1270.0,1270.4000244140625,1269.800048828125,1270.300048828125,13368,0.0,0.0
2026-07-29 11:36:00+05:30,1270.300048828125,1270.4000244140625,1270.0,1270.0,28194,0.0,0.0
2026-07-29 11:37:00+05:30,1270.199951171875,1270.199951171875,1269.699951171875,1269.800048828125,14603,0.0,0.0
2026-07-29 11:38:00+05:30,1270.0,1270.4000244140625,1269.800048828125,1270.0,6288,0.0,0.0
2026-07-29 11:39:00+05:30,1270.0,1270.300048828125,1269.800048828125,1270.0,6263,0.0,0.0
2026-07-29 11:40:00+05:30,1270.0,1270.699951171875,1269.9000244140625,1270.0,15053,0.0,0.0
2026-07-29 11:41:00+05:30,1270.5,1270.699951171875,1270.0999755859375,1270.699951171875,6331,0.0,0.0
2026-07-29 11:42:00+05:30,1270.800048828125,1271.5,1270.4000244140625,1271.300048828125,16954,0.0,0.0
2026-07-29 11:43:00+05:30,1271.300048828125,1272.5999755859375,1271.300048828125,1272.199951171875,41732,0.0,0.0
2026-07-29 11:44:00+05:30,1272.199951171875,1272.800048828125,1272.0,1272.699951171875,20924,0.0,0.0
2026-07-29 11:45:00+05:30,1272.9000244140625,1272.9000244140625,1272.5,1272.800048828125,15133,0.0,0.0
2026-07-29 11:46:00+05:30,1272.5999755859375,1272.9000244140625,1272.5,1272.9000244140625,11049,0.0,0.0
2026-07-29 11:47:00+05:30,1272.5999755859375,1272.9000244140625,1272.5,1272.699951171875,7917,0.0,0.0
2026-07-29 11:48:00+05:30,1272.9000244140625,1273.0,1272.5999755859375,1272.699951171875,15434,0.0,0.0
2026-07-29 11:49:00+05:30,1272.9000244140625,1272.9000244140625,1272.699951171875,1272.699951171875,7020,0.0,0.0
2026-07-29 11:50:00+05:30,1272.800048828125,1272.800048828125,1272.5999755859375,1272.800048828125,7998,0.0,0.0
2026-07-29 11:51:00+05:30,1272.699951171875,1272.800048828125,1272.5999755859375,1272.800048828125,6998,0.0,0.0
2026-07-29 11:52:00+05:30,1272.5999755859375,1272.800048828125,1272.5999755859375,1272.699951171875,8207,0.0,0.0
2026-07-29 11:53:00+05:30,1272.699951171875,1273.300048828125,1272.5,1273.0999755859375,41085,0.0,0.0
2026-07-29 11:54:00+05:30,1273.300048828125,1273.300048828125,1271.5999755859375,1271.5999755859375,34500,0.0,0.0
2026-07-29 11:55:00+05:30,1271.9000244140625,1272.0,1271.5999755859375,1271.9000244140625,36101,0.0,0.0
2026-07-29 11:56:00+05:30,1271.800048828125,1272.0,1271.5,1271.5,12833,0.0,0.0
2026-07-29 11:57:00+05:30,1271.9000244140625,1271.9000244140625,1271.199951171875,1271.5999755859375,7362,0.0,0.0
2026-07-29 11:58:00+05:30,1271.5,1271.5,1271.199951171875,1271.199951171875,5906,0.0,0.0
2026-07-29 11:59:00+05:30,1271.5,1271.9000244140625,1271.300048828125,1271.300048828125,33268,0.0,0.0
2026-07-29 12:00:00+05:30,1271.300048828125,1271.300048828125,1270.5999755859375,1270.9000244140625,16505,0.0,0.0
2026-07-29 12:01:00+05:30,1270.9000244140625,1270.9000244140625,1270.5,1270.800048828125,16801,0.0,0.0
2026-07-29 12:02:00+05:30,1270.800048828125,1270.9000244140625,1270.5999755859375,1270.9000244140625,11516,0.0,0.0
2026-07-29 12:03:00+05:30,1271.0,1271.4000244140625,1271.0,1271.199951171875,9095,0.0,0.0
2026-07-29 12:04:00+05:30,1271.300048828125,1271.5999755859375,1271.300048828125,1271.5,5034,0.0,0.0
2026-07-29 12:05:00+05:30,1271.5,1271.699951171875,1271.300048828125,1271.4000244140625,5765,0.0,0.0
2026-07-29 12:06:00+05:30,1271.300048828125,1271.699951171875,1271.300048828125,1271.699951171875,6323,0.0,0.0
2026-07-29 12:07:00+05:30,1271.699951171875,1271.9000244140625,1271.5999755859375,1271.800048828125,7954,0.0,0.0
2026-07-29 12:08:00+05:30,1271.800048828125,1272.199951171875,1271.800048828125,1272.199951171875,5395,0.0,0.0
2026-07-29 12:09:00+05:30,1272.0,1272.199951171875,1271.9000244140625,1272.0,10050,0.0,0.0
2026-07-29 12:10:00+05:30,1272.0,1272.0,1271.9000244140625,1272.0,12689,0.0,0.0
2026-07-29 12:11:00+05:30,1271.9000244140625,1272.0999755859375,1271.9000244140625,1272.0,12240,0.0,0.0
2026-07-29 12:12:00+05:30,1272.0,1272.0999755859375,1271.9000244140625,1271.9000244140625,11231,0.0,0.0
2026-07-29 12:13:00+05:30,1271.9000244140625,1271.9000244140625,1271.800048828125,1271.9000244140625,20069,0.0,0.0
2026-07-29 12:14:00+05:30,1271.800048828125,1272.0,1271.800048828125,1271.9000244140625,5857,0.0,0.0
2026-07-29 12:15:00+05:30,1271.9000244140625,1272.0,1271.800048828125,1271.800048828125,7776,0.0,0.0
2026-07-29 12:16:00+05:30,1271.9000244140625,1272.0,1271.800048828125,1271.9000244140625,12017,0.0,0.0
2026-07-29 12:17:00+05:30,1272.0,1272.0,1271.800048828125,1271.9000244140625,4253,0.0,0.0
2026-07-29 12:18:00+05:30,1271.9000244140625,1272.0999755859375,1271.9000244140625,1272.0,7134,0.0,0.0
2026-07-29 12:19:00+05:30,1272.0,1272.0,1271.9000244140625,1272.0,3635,0.0,0.0
2026-07-29 12:20:00+05:30,1271.9000244140625,1272.0,1271.9000244140625,1271.9000244140625,7797,0.0,0.0
2026-07-29 12:21:00+05:30,1271.9000244140625,1272.0,1271.9000244140625,1272.0,9246,0.0,0.0
2026-07-29 12:22:00+05:30,1272.0,1272.0,1271.9000244140625,1272.0,6896,0.0,0.0
2026-07-29 12:23:00+05:30,1272.0,1272.0,1271.9000244140625,1272.0,6166,0.0,0.0
2026-07-29 12:24:00+05:30,1271.9000244140625,1272.0,1271.5999755859375,1271.5999755859375,19023,0.0,0.0
2026-07-29 12:25:00+05:30,1271.699951171875,1271.699951171875,1271.5,1271.5999755859375,8399,0.0,0.0
2026-07-29 12:26:00+05:30,1271.5999755859375,1271.9000244140625,1271.5,1271.5999755859375,8914,0.0,0.0
2026-07-29 12:27:00+05:30,1271.5999755859375,1271.5999755859375,1271.5,1271.5,4127,0.0,0.0
2026-07-29 12:28:00+05:30,1271.5,1272.0,1271.5,1272.0,13727,0.0,0.0
2026-07-29 12:29:00+05:30,1272.0,1272.5,1272.0,1272.4000244140625,14849,0.0,0.0
2026-07-29 12:30:00+05:30,1272.4000244140625,1272.5999755859375,1272.4000244140625,1272.5999755859375,27293,0.0,0.0
2026-07-29 12:31:00+05:30,1272.699951171875,1272.800048828125,1272.5,1272.800048828125,4473,0.0,0.0
2026-07-29 12:32:00+05:30,1272.699951171875,1272.800048828125,1272.5999755859375,1272.5999755859375,5814,0.0,0.0
2026-07-29 12:33:00+05:30,1272.800048828125,1272.800048828125,1272.5999755859375,1272.800048828125,7645,0.0,0.0
2026-07-29 12:34:00+05:30,1272.9000244140625,1273.0,1272.5999755859375,1272.5999755859375,20098,0.0,0.0
2026-07-29 12:35:00+05:30,1272.9000244140625,1273.0,1272.5999755859375,1272.5999755859375,13316,0.0,0.0
2026-07-29 12:36:00+05:30,1272.699951171875,1272.800048828125,1272.5,1272.5,8004,0.0,0.0
2026-07-29 12:37:00+05:30,1272.800048828125,1272.800048828125,1272.5,1272.800048828125,4681,0.0,0.0
2026-07-29 12:38:00+05:30,1272.699951171875,1272.9000244140625,1272.5999755859375,1272.9000244140625,5951,0.0,0.0
2026-07-29 12:39:00+05:30,1272.9000244140625,1273.0,1272.5,1273.0,12076,0.0,0.0
2026-07-29 12:40:00+05:30,1272.800048828125,1273.199951171875,1272.5999755859375,1273.199951171875,14919,0.0,0.0
2026-07-29 12:41:00+05:30,1273.199951171875,1273.9000244140625,1273.0,1273.9000244140625,19571,0.0,0.0
2026-07-29 12:42:00+05:30,1273.4000244140625,1273.5999755859375,1273.0999755859375,1273.4000244140625,9511,0.0,0.0
2026-07-29 12:43:00+05:30,1273.4000244140625,1273.5,1273.300048828125,1273.300048828125,4336,0.0,0.0
2026-07-29 12:44:00+05:30,1273.300048828125,1273.5,1273.300048828125,1273.300048828125,5806,0.0,0.0
2026-07-29 12:45:00+05:30,1273.300048828125,1273.5999755859375,1273.300048828125,1273.4000244140625,9880,0.0,0.0
2026-07-29 12:46:00+05:30,1273.5999755859375,1273.800048828125,1273.300048828125,1273.699951171875,18749,0.0,0.0
2026-07-29 12:47:00+05:30,1273.699951171875,1273.800048828125,1273.5999755859375,1273.699951171875,30161,0.0,0.0
2026-07-29 12:48:00+05:30,1273.699951171875,1273.699951171875,1271.699951171875,1272.199951171875,30660,0.0,0.0
2026-07-29 12:49:00+05:30,1271.9000244140625,1272.199951171875,1271.699951171875,1271.699951171875,7449,0.0,0.0
2026-07-29 12:50:00+05:30,1271.5,1272.0,1271.300048828125,1271.699951171875,14654,0.0,0.0
2026-07-29 12:51:00+05:30,1271.5999755859375,1272.199951171875,1271.5999755859375,1272.199951171875,7491,0.0,0.0
2026-07-29 12:52:00+05:30,1272.0,1272.4000244140625,1271.9000244140625,1272.4000244140625,8079,0.0,0.0
2026-07-29 12:53:00+05:30,1272.4000244140625,1272.5,1271.9000244140625,1271.9000244140625,9173,0.0,0.0
2026-07-29 12:54:00+05:30,1271.800048828125,1272.199951171875,1271.5999755859375,1272.0,6118,0.0,0.0
2026-07-29 12:55:00+05:30,1272.0,1272.199951171875,1271.5999755859375,1272.199951171875,6130,0.0,0.0
2026-07-29 12:56:00+05:30,1271.800048828125,1272.199951171875,1271.800048828125,1272.0999755859375,4162,0.0,0.0
2026-07-29 12:57:00+05:30,1272.0,1272.199951171875,1271.800048828125,1272.199951171875,4256,0.0,0.0
2026-07-29 12:58:00+05:30,1272.199951171875,1272.4000244140625,1272.0999755859375,1272.4000244140625,5938,0.0,0.0
2026-07-29 12:59:00+05:30,1272.4000244140625,1272.5,1272.0,1272.0,5860,0.0,0.0
2026-07-29 13:00:00+05:30,1272.199951171875,1272.300048828125,1271.5999755859375,1271.699951171875,9569,0.0,0.0
2026-07-29 13:01:00+05:30,1271.9000244140625,1272.300048828125,1271.5,1272.300048828125,5384,0.0,0.0
2026-07-29 13:02:00+05:30,1272.0,1272.9000244140625,1272.0,1272.9000244140625,11018,0.0,0.0
2026-07-29 13:03:00+05:30,1272.800048828125,1274.0999755859375,1272.5,1273.9000244140625,44403,0.0,0.0
2026-07-29 13:04:00+05:30,1274.0999755859375,1274.0999755859375,1273.199951171875,1273.9000244140625,19502,0.0,0.0
2026-07-29 13:05:00+05:30,1273.699951171875,1275.5,1273.5,1275.4000244140625,51266,0.0,0.0
2026-07-29 13:06:00+05:30,1275.0,1276.0,1274.4000244140625,1275.5,22346,0.0,0.0
2026-07-29 13:07:00+05:30,1275.5,1276.800048828125,1275.4000244140625,1276.0999755859375,58735,0.0,0.0
2026-07-29 13:08:00+05:30,1276.0,1277.0,1275.800048828125,1277.0,22868,0.0,0.0
2026-07-29 13:09:00+05:30,1276.699951171875,1278.0,1276.699951171875,1277.0,47784,0.0,0.0
2026-07-29 13:10:00+05:30,1277.0999755859375,1277.5999755859375,1277.0,1277.5,27242,0.0,0.0
2026-07-29 13:11:00+05:30,1277.300048828125,1277.699951171875,1277.0,1277.5,61061,0.0,0.0
2026-07-29 13:12:00+05:30,1277.699951171875,1278.199951171875,1277.300048828125,1277.300048828125,52767,0.0,0.0
2026-07-29 13:13:00+05:30,1277.699951171875,1278.0,1277.0999755859375,1277.800048828125,44216,0.0,0.0
2026-07-29 13:14:00+05:30,1277.9000244140625,1279.5,1277.5999755859375,1278.699951171875,76901,0.0,0.0
2026-07-29 13:15:00+05:30,1279.199951171875,1279.5,1278.5,1278.9000244140625,76186,0.0,0.0
2026-07-29 13:16:00+05:30,1278.800048828125,1278.9000244140625,1277.0,1277.300048828125,35498,0.0,0.0
2026-07-29 13:17:00+05:30,1277.0999755859375,1278.800048828125,1277.0,1278.199951171875,41773,0.0,0.0
2026-07-29 13:18:00+05:30,1278.0999755859375,1278.199951171875,1277.5,1278.0,29606,0.0,0.0
2026-07-29 13:19:00+05:30,1277.699951171875,1278.800048828125,1277.699951171875,1278.800048828125,42379,0.0,0.0
2026-07-29 13:20:00+05:30,1278.699951171875,1279.0,1278.5,1278.9000244140625,27419,0.0,0.0
2026-07-29 13:21:00+05:30,1278.5999755859375,1279.300048828125,1278.5999755859375,1279.0,20981,0.0,0.0
2026-07-29 13:22:00+05:30,1279.0,1279.0999755859375,1278.300048828125,1278.699951171875,21873,0.0,0.0
2026-07-29 13:23:00+05:30,1278.699951171875,1279.0,1278.5999755859375,1279.0,27434,0.0,0.0
2026-07-29 13:24:00+05:30,1278.5999755859375,1278.5999755859375,1277.5999755859375,1277.9000244140625,27572,0.0,0.0
2026-07-29 13:25:00+05:30,1277.9000244140625,1277.9000244140625,1277.5,1277.699951171875,27408,0.0,0.0
2026-07-29 13:26:00+05:30,1277.5,1277.699951171875,1277.5,1277.5999755859375,16070,0.0,0.0
2026-07-29 13:27:00+05:30,1277.5,1277.5999755859375,1277.0,1277.300048828125,14717,0.0,0.0
2026-07-29 13:28:00+05:30,1277.0999755859375,1277.5,1276.800048828125,1277.300048828125,23813,0.0,0.0
2026-07-29 13:29:00+05:30,1277.4000244140625,1277.699951171875,1276.5999755859375,1277.0,35579,0.0,0.0
2026-07-29 13:30:00+05:30,1277.0999755859375,1277.0999755859375,1276.199951171875,1276.199951171875,21700,0.0,0.0
2026-07-29 13:31:00+05:30,1276.4000244140625,1278.699951171875,1276.199951171875,1277.800048828125,40239,0.0,0.0
2026-07-29 13:32:00+05:30,1278.0,1279.0999755859375,1277.800048828125,1279.0,21532,0.0,0.0
2026-07-29 13:33:00+05:30,1279.0,1279.0999755859375,1278.199951171875,1278.699951171875,59583,0.0,0.0
2026-07-29 13:34:00+05:30,1278.5,1282.0,1278.5,1281.5999755859375,126392,0.0,0.0
2026-07-29 13:35:00+05:30,1281.5,1281.5999755859375,1280.0,1280.699951171875,23439,0.0,0.0
2026-07-29 13:36:00+05:30,1280.699951171875,1281.0,1280.5,1280.800048828125,10496,0.0,0.0
2026-07-29 13:37:00+05:30,1280.800048828125,1280.9000244140625,1279.4000244140625,1279.800048828125,17033,0.0,0.0
2026-07-29 13:38:00+05:30,1279.4000244140625,1280.4000244140625,1279.4000244140625,1279.9000244140625,14425,0.0,0.0
2026-07-29 13:39:00+05:30,1280.0,1280.0,1279.0999755859375,1279.199951171875,13585,0.0,0.0
2026-07-29 13:40:00+05:30,1278.9000244140625,1279.199951171875,1278.9000244140625,1279.0,19028,0.0,0.0
2026-07-29 13:41:00+05:30,1279.0,1279.4000244140625,1278.0999755859375,1278.0999755859375,38697,0.0,0.0
2026-07-29 13:42:00+05:30,1278.4000244140625,1278.5999755859375,1277.699951171875,1278.0,36130,0.0,0.0
2026-07-29 13:43:00+05:30,1277.9000244140625,1278.0999755859375,1277.699951171875,1277.9000244140625,15815,0.0,0.0
2026-07-29 13:44:00+05:30,1277.9000244140625,1278.5,1277.699951171875,1278.0,22517,0.0,0.0
2026-07-29 13:45:00+05:30,1278.0,1278.0999755859375,1277.5,1277.699951171875,9328,0.0,0.0
2026-07-29 13:46:00+05:30,1277.699951171875,1279.0,1277.699951171875,1278.5999755859375,13873,0.0,0.0
2026-07-29 13:47:00+05:30,1278.5999755859375,1279.4000244140625,1278.4000244140625,1279.300048828125,23516,0.0,0.0
2026-07-29 13:48:00+05:30,1279.4000244140625,1279.9000244140625,1279.199951171875,1279.699951171875,26235,0.0,0.0
2026-07-29 13:49:00+05:30,1279.5,1279.699951171875,1278.800048828125,1279.0,20707,0.0,0.0
2026-07-29 13:50:00+05:30,1279.0,1280.0,1279.0,1279.5,72235,0.0,0.0
2026-07-29 13:51:00+05:30,1279.800048828125,1279.800048828125,1279.0,1279.0999755859375,26925,0.0,0.0
2026-07-29 13:52:00+05:30,1279.0999755859375,1281.0,1279.0999755859375,1280.5,79693,0.0,0.0
2026-07-29 13:53:00+05:30,1280.0,1281.300048828125,1280.0,1281.0,71635,0.0,0.0
2026-07-29 13:54:00+05:30,1281.0,1281.0,1280.5999755859375,1280.5999755859375,7890,0.0,0.0
2026-07-29 13:55:00+05:30,1280.5,1280.5999755859375,1280.5,1280.5999755859375,20837,0.0,0.0
2026-07-29 13:56:00+05:30,1280.5,1280.5999755859375,1280.5,1280.5,8938,0.0,0.0
2026-07-29 13:57:00+05:30,1280.5,1280.5999755859375,1280.5,1280.5,12095,0.0,0.0
2026-07-29 13:58:00+05:30,1280.5999755859375,1280.699951171875,1280.199951171875,1280.199951171875,14914,0.0,0.0
2026-07-29 13:59:00+05:30,1280.4000244140625,1280.4000244140625,1280.0,1280.0,7193,0.0,0.0
2026-07-29 14:00:00+05:30,1280.0,1281.699951171875,1280.0,1281.0,44953,0.0,0.0
2026-07-29 14:01:00+05:30,1281.4000244140625,1281.9000244140625,1281.4000244140625,1281.800048828125,86340,0.0,0.0
2026-07-29 14:02:00+05:30,1281.9000244140625,1281.9000244140625,1281.300048828125,1281.5,14183,0.0,0.0
2026-07-29 14:03:00+05:30,1281.5,1281.800048828125,1281.300048828125,1281.699951171875,10363,0.0,0.0
2026-07-29 14:04:00+05:30,1281.699951171875,1281.699951171875,1281.0,1281.0,6590,0.0,0.0
2026-07-29 14:05:00+05:30,1281.0999755859375,1281.0999755859375,1281.0,1281.0999755859375,10056,0.0,0.0
2026-07-29 14:06:00+05:30,1281.0999755859375,1281.0999755859375,1280.300048828125,1280.300048828125,17844,0.0,0.0
2026-07-29 14:07:00+05:30,1280.199951171875,1280.300048828125,1279.0999755859375,1279.199951171875,83363,0.0,0.0
2026-07-29 14:08:00+05:30,1279.0999755859375,1279.4000244140625,1279.0,1279.300048828125,20128,0.0,0.0
2026-07-29 14:09:00+05:30,1279.300048828125,1280.0,1279.300048828125,1279.9000244140625,17653,0.0,0.0
2026-07-29 14:10:00+05:30,1279.5999755859375,1280.0,1279.5,1280.0,8292,0.0,0.0
2026-07-29 14:11:00+05:30,1280.0,1280.300048828125,1279.800048828125,1280.0,7553,0.0,0.0
2026-07-29 14:12:00+05:30,1280.0,1280.0,1279.5,1279.800048828125,7225,0.0,0.0
2026-07-29 14:13:00+05:30,1279.800048828125,1279.800048828125,1279.0,1279.0,12901,0.0,0.0
2026-07-29 14:14:00+05:30,1279.199951171875,1279.300048828125,1279.0,1279.0999755859375,8116,0.0,0.0
2026-07-29 14:15:00+05:30,1279.0,1279.0999755859375,1278.800048828125,1278.9000244140625,45964,0.0,0.0
2026-07-29 14:16:00+05:30,1278.9000244140625,1279.0,1278.800048828125,1278.800048828125,14728,0.0,0.0
2026-07-29 14:17:00+05:30,1278.800048828125,1278.800048828125,1277.300048828125,1277.5,32292,0.0,0.0
2026-07-29 14:18:00+05:30,1277.5,1278.5999755859375,1277.4000244140625,1278.5,46355,0.0,0.0
2026-07-29 14:19:00+05:30,1278.5,1278.800048828125,1277.4000244140625,1278.0,42941,0.0,0.0
2026-07-29 14:20:00+05:30,1278.0,1278.199951171875,1277.5,1278.0,21957,0.0,0.0
2026-07-29 14:21:00+05:30,1277.800048828125,1278.0,1277.5,1277.699951171875,18053,0.0,0.0
2026-07-29 14:22:00+05:30,1277.5,1278.5999755859375,1277.5,1278.0999755859375,12753,0.0,0.0
2026-07-29 14:23:00+05:30,1278.0999755859375,1278.300048828125,1277.9000244140625,1277.9000244140625,12308,0.0,0.0
2026-07-29 14:24:00+05:30,1277.9000244140625,1278.0,1277.5,1277.800048828125,23471,0.0,0.0
2026-07-29 14:25:00+05:30,1277.9000244140625,1279.0,1277.699951171875,1278.199951171875,22884,0.0,0.0
2026-07-29 14:26:00+05:30,1278.199951171875,1279.0,1278.199951171875,1278.699951171875,13837,0.0,0.0
2026-07-29 14:27:00+05:30,1278.800048828125,1278.800048828125,1277.199951171875,1277.5999755859375,24752,0.0,0.0
2026-07-29 14:28:00+05:30,1277.5999755859375,1278.5999755859375,1277.300048828125,1278.0,23356,0.0,0.0
2026-07-29 14:29:00+05:30,1277.699951171875,1278.199951171875,1277.4000244140625,1278.199951171875,17786,0.0,0.0
2026-07-29 14:30:00+05:30,1278.199951171875,1279.0,1278.199951171875,1278.800048828125,16152,0.0,0.0
2026-07-29 14:31:00+05:30,1278.800048828125,1279.0999755859375,1278.5,1278.5,24176,0.0,0.0
2026-07-29 14:32:00+05:30,1278.5999755859375,1278.5999755859375,1277.4000244140625,1277.5,21974,0.0,0.0
2026-07-29 14:33:00+05:30,1277.4000244140625,1278.0,1277.300048828125,1277.5999755859375,32791,0.0,0.0
2026-07-29 14:34:00+05:30,1277.5999755859375,1277.9000244140625,1276.9000244140625,1277.199951171875,27952,0.0,0.0
2026-07-29 14:35:00+05:30,1276.800048828125,1277.199951171875,1276.5999755859375,1276.699951171875,19991,0.0,0.0
2026-07-29 14:36:00+05:30,1276.699951171875,1277.300048828125,1276.699951171875,1276.9000244140625,8848,0.0,0.0
2026-07-29 14:37:00+05:30,1276.9000244140625,1277.199951171875,1276.699951171875,1276.699951171875,11984,0.0,0.0
2026-07-29 14:38:00+05:30,1277.0,1277.0,1276.699951171875,1277.0,7860,0.0,0.0
2026-07-29 14:39:00+05:30,1276.9000244140625,1278.199951171875,1276.9000244140625,1278.199951171875,70879,0.0,0.0
2026-07-29 14:40:00+05:30,1278.0999755859375,1278.5,1278.0,1278.0,17605,0.0,0.0
2026-07-29 14:41:00+05:30,1278.0,1278.0999755859375,1277.5999755859375,1277.5999755859375,17076,0.0,0.0
2026-07-29 14:42:00+05:30,1277.4000244140625,1278.0999755859375,1277.0999755859375,1277.199951171875,66386,0.0,0.0
2026-07-29 14:43:00+05:30,1277.199951171875,1277.4000244140625,1277.199951171875,1277.199951171875,13767,0.0,0.0
2026-07-29 14:44:00+05:30,1277.199951171875,1278.0,1276.9000244140625,1278.0,48333,0.0,0.0
2026-07-29 14:45:00+05:30,1278.0,1279.199951171875,1278.0,1278.9000244140625,81295,0.0,0.0
2026-07-29 14:46:00+05:30,1278.9000244140625,1279.4000244140625,1278.300048828125,1279.0,37000,0.0,0.0
2026-07-29 14:47:00+05:30,1279.5,1280.0,1279.0,1279.800048828125,20798,0.0,0.0
2026-07-29 14:48:00+05:30,1279.800048828125,1280.300048828125,1279.300048828125,1279.699951171875,29621,0.0,0.0
2026-07-29 14:49:00+05:30,1279.4000244140625,1279.699951171875,1279.0,1279.0999755859375,7125,0.0,0.0
2026-07-29 14:50:00+05:30,1279.0999755859375,1279.0999755859375,1277.9000244140625,1279.0,67691,0.0,0.0
2026-07-29 14:51:00+05:30,1278.4000244140625,1279.800048828125,1278.4000244140625,1279.4000244140625,65731,0.0,0.0
2026-07-29 14:52:00+05:30,1279.4000244140625,1279.800048828125,1279.4000244140625,1279.5,20923,0.0,0.0
2026-07-29 14:53:00+05:30,1279.800048828125,1280.0,1279.5,1280.0,19103,0.0,0.0
2026-07-29 14:54:00+05:30,1280.0,1280.300048828125,1280.0,1280.0,8180,0.0,0.0
2026-07-29 14:55:00+05:30,1280.0,1280.199951171875,1280.0,1280.0999755859375,11168,0.0,0.0
2026-07-29 14:56:00+05:30,1280.0999755859375,1280.5,1280.0999755859375,1280.300048828125,17053,0.0,0.0
2026-07-29 14:57:00+05:30,1280.300048828125,1280.699951171875,1280.199951171875,1280.4000244140625,36301,0.0,0.0
2026-07-29 14:58:00+05:30,1280.199951171875,1280.4000244140625,1279.5999755859375,1280.0,36003,0.0,0.0
2026-07-29 14:59:00+05:30,1280.0999755859375,1280.0999755859375,1280.0,1280.0,38480,0.0,0.0
2026-07-29 15:00:00+05:30,1280.0999755859375,1280.0999755859375,1278.0999755859375,1278.300048828125,55761,0.0,0.0
2026-07-29 15:01:00+05:30,1278.300048828125,1278.300048828125,1277.5999755859375,1277.9000244140625,30055,0.0,0.0
2026-07-29 15:02:00+05:30,1277.800048828125,1278.0,1277.5,1277.5,23616,0.0,0.0
2026-07-29 15:03:00+05:30,1277.5,1277.5999755859375,1277.0999755859375,1277.0999755859375,39595,0.0,0.0
2026-07-29 15:04:00+05:30,1277.0999755859375,1277.199951171875,1276.4000244140625,1276.5,48965,0.0,0.0
2026-07-29 15:05:00+05:30,1276.5999755859375,1276.5999755859375,1275.9000244140625,1276.0999755859375,119609,0.0,0.0
2026-07-29 15:06:00+05:30,1276.0999755859375,1276.300048828125,1275.800048828125,1276.0,60342,0.0,0.0
2026-07-29 15:07:00+05:30,1276.199951171875,1276.300048828125,1275.800048828125,1276.199951171875,81063,0.0,0.0
2026-07-29 15:08:00+05:30,1276.199951171875,1276.5,1276.0,1276.300048828125,70842,0.0,0.0
2026-07-29 15:09:00+05:30,1276.5,1276.699951171875,1276.199951171875,1276.300048828125,86036,0.0,0.0
2026-07-29 15:10:00+05:30,1276.5,1276.5,1276.199951171875,1276.199951171875,35410,0.0,0.0
2026-07-29 15:11:00+05:30,1276.300048828125,1276.5,1276.199951171875,1276.4000244140625,37388,0.0,0.0
2026-07-29 15:12:00+05:30,1276.4000244140625,1276.4000244140625,1276.0999755859375,1276.0999755859375,32362,0.0,0.0
2026-07-29 15:13:00+05:30,1276.199951171875,1276.300048828125,1275.800048828125,1275.9000244140625,47370,0.0,0.0
2026-07-29 15:14:00+05:30,1275.800048828125,1275.9000244140625,1275.199951171875,1275.5999755859375,51587,0.0,0.0
2026-07-29 15:15:00+05:30,1275.5999755859375,1275.5999755859375,1275.199951171875,1275.4000244140625,40550,0.0,0.0
2026-07-29 15:16:00+05:30,1275.5,1275.5,1275.0,1275.0999755859375,61365,0.0,0.0
2026-07-29 15:17:00+05:30,1275.199951171875,1275.300048828125,1275.0,1275.0999755859375,50298,0.0,0.0
2026-07-29 15:18:00+05:30,1275.0999755859375,1275.199951171875,1274.800048828125,1274.800048828125,45891,0.0,0.0
2026-07-29 15:19:00+05:30,1274.699951171875,1275.199951171875,1274.699951171875,1275.0999755859375,107313,0.0,0.0
2026-07-29 15:20:00+05:30,1275.0999755859375,1275.199951171875,1275.0,1275.0999755859375,40352,0.0,0.0
2026-07-29 15:21:00+05:30,1275.0999755859375,1275.199951171875,1274.800048828125,1275.0999755859375,39824,0.0,0.0
2026-07-29 15:22:00+05:30,1275.199951171875,1275.9000244140625,1274.800048828125,1275.4000244140625,88497,0.0,0.0
2026-07-29 15:23:00+05:30,1275.5,1275.5,1275.0,1275.0999755859375,28733,0.0,0.0
2026-07-29 15:24:00+05:30,1275.199951171875,1275.199951171875,1275.0,1275.0999755859375,40563,0.0,0.0
2026-07-29 15:25:00+05:30,1275.199951171875,1275.300048828125,1275.0,1275.300048828125,61896,0.0,0.0
2026-07-29 15:26:00+05:30,1275.5,1275.5,1275.300048828125,1275.5,67459,0.0,0.0
2026-07-29 15:27:00+05:30,1275.5,1275.5999755859375,1275.4000244140625,1275.5,74134,0.0,0.0
2026-07-29 15:28:00+05:30,1276.0,1276.0,1275.800048828125,1276.0,33786,0.0,0.0
2026-07-29 15:29:00+05:30,1276.0,1277.0999755859375,1275.199951171875,1275.9000244140625,29644,0.0,0.0
2026-07-30 09:15:00+05:30,1278.199951171875,1279.800048828125,1276.0,1278.9000244140625,0,0.0,0.0
2026-07-30 09:16:00+05:30,1278.9000244140625,1279.199951171875,1278.199951171875,1278.5999755859375,36573,0.0,0.0
2026-07-30 09:17:00+05:30,1278.5,1281.0,1278.5,1281.0,62188,0.0,0.0
2026-07-30 09:18:00+05:30,1281.0,1281.0,1280.4000244140625,1280.800048828125,52049,0.0,0.0
2026-07-30 09:19:00+05:30,1280.800048828125,1280.800048828125,1279.5999755859375,1279.9000244140625,45204,0.0,0.0
2026-07-30 09:20:00+05:30,1280.4000244140625,1281.9000244140625,1280.199951171875,1281.9000244140625,26579,0.0,0.0
2026-07-30 09:21:00+05:30,1281.699951171875,1282.5999755859375,1281.4000244140625,1282.5,32125,0.0,0.0
2026-07-30 09:22:00+05:30,1282.5,1282.699951171875,1282.300048828125,1282.300048828125,21521,0.0,0.0
2026-07-30 09:23:00+05:30,1281.699951171875,1281.699951171875,1281.300048828125,1281.300048828125,25907,0.0,0.0
2026-07-30 09:24:00+05:30,1281.4000244140625,1281.699951171875,1281.4000244140625,1281.5,16093,0.0,0.0
2026-07-30 09:25:00+05:30,1281.699951171875,1281.699951171875,1281.5,1281.699951171875,14065,0.0,0.0
2026-07-30 09:26:00+05:30,1281.699951171875,1282.5999755859375,1281.699951171875,1282.300048828125,18319,0.0,0.0
2026-07-30 09:27:00+05:30,1282.199951171875,1282.199951171875,1281.5,1281.5,16434,0.0,0.0
2026-07-30 09:28:00+05:30,1280.800048828125,1281.199951171875,1280.800048828125,1281.0,14455,0.0,0.0
2026-07-30 09:29:00+05:30,1281.0999755859375,1281.699951171875,1280.800048828125,1281.5999755859375,16536,0.0,0.0
2026-07-30 09:30:00+05:30,1281.5,1281.800048828125,1281.0999755859375,1281.0999755859375,13363,0.0,0.0
2026-07-30 09:31:00+05:30,1281.0,1281.0,1280.5,1280.5,25607,0.0,0.0
2026-07-30 09:32:00+05:30,1280.5,1280.9000244140625,1280.5,1280.699951171875,5210,0.0,0.0
2026-07-30 09:33:00+05:30,1280.699951171875,1280.9000244140625,1280.5,1280.5,16597,0.0,0.0
2026-07-30 09:34:00+05:30,1280.5,1281.300048828125,1280.5,1281.300048828125,6096,0.0,0.0
2026-07-30 09:35:00+05:30,1281.300048828125,1282.0,1281.300048828125,1282.0,14920,0.0,0.0
2026-07-30 09:36:00+05:30,1282.199951171875,1282.300048828125,1281.5999755859375,1281.5999755859375,10503,0.0,0.0
2026-07-30 09:37:00+05:30,1281.5999755859375,1281.9000244140625,1281.199951171875,1281.4000244140625,6544,0.0,0.0
2026-07-30 09:38:00+05:30,1281.4000244140625,1281.4000244140625,1281.0,1281.199951171875,8631,0.0,0.0
2026-07-30 09:39:00+05:30,1281.0999755859375,1281.0999755859375,1280.9000244140625,1281.0999755859375,11467,0.0,0.0
2026-07-30 09:40:00+05:30,1280.9000244140625,1281.0,1280.699951171875,1280.699951171875,11753,0.0,0.0
2026-07-30 09:41:00+05:30,1280.5999755859375,1280.9000244140625,1280.5999755859375,1280.5999755859375,7939,0.0,0.0
2026-07-30 09:42:00+05:30,1280.5999755859375,1280.5999755859375,1280.0,1280.0999755859375,8801,0.0,0.0
2026-07-30 09:43:00+05:30,1280.0,1280.4000244140625,1279.5999755859375,1280.0,20421,0.0,0.0
2026-07-30 09:44:00+05:30,1279.9000244140625,1280.199951171875,1279.5999755859375,1279.5999755859375,19606,0.0,0.0
2026-07-30 09:45:00+05:30,1279.5999755859375,1279.800048828125,1279.0,1279.0,15650,0.0,0.0
2026-07-30 09:46:00+05:30,1279.199951171875,1280.4000244140625,1279.199951171875,1280.4000244140625,10893,0.0,0.0
2026-07-30 09:47:00+05:30,1280.5,1280.5,1280.4000244140625,1280.5,10357,0.0,0.0
2026-07-30 09:48:00+05:30,1280.5999755859375,1280.699951171875,1280.4000244140625,1280.4000244140625,5223,0.0,0.0
2026-07-30 09:49:00+05:30,1280.5,1280.699951171875,1280.4000244140625,1280.4000244140625,5552,0.0,0.0
2026-07-30 09:50:00+05:30,1280.5999755859375,1280.5999755859375,1280.5,1280.5999755859375,7552,0.0,0.0
2026-07-30 09:51:00+05:30,1280.699951171875,1281.0,1280.699951171875,1280.9000244140625,7832,0.0,0.0
2026-07-30 09:52:00+05:30,1280.9000244140625,1280.9000244140625,1280.699951171875,1280.699951171875,2956,0.0,0.0
2026-07-30 09:53:00+05:30,1280.800048828125,1281.0,1280.800048828125,1280.9000244140625,3751,0.0,0.0
2026-07-30 09:54:00+05:30,1280.9000244140625,1281.0,1280.9000244140625,1281.0,3042,0.0,0.0
2026-07-30 09:55:00+05:30,1280.9000244140625,1281.4000244140625,1280.9000244140625,1281.300048828125,4690,0.0,0.0
2026-07-30 09:56:00+05:30,1281.4000244140625,1282.800048828125,1281.4000244140625,1282.800048828125,36115,0.0,0.0
2026-07-30 09:57:00+05:30,1283.0999755859375,1283.0999755859375,1282.300048828125,1282.300048828125,25847,0.0,0.0
2026-07-30 09:58:00+05:30,1282.300048828125,1282.5,1282.199951171875,1282.199951171875,16594,0.0,0.0
2026-07-30 09:59:00+05:30,1282.4000244140625,1282.4000244140625,1282.0,1282.199951171875,9089,0.0,0.0
2026-07-30 10:00:00+05:30,1282.300048828125,1282.300048828125,1281.5999755859375,1281.9000244140625,9131,0.0,0.0
2026-07-30 10:01:00+05:30,1281.800048828125,1282.0999755859375,1281.5999755859375,1281.699951171875,7223,0.0,0.0
2026-07-30 10:02:00+05:30,1281.5999755859375,1281.800048828125,1281.5,1281.800048828125,13091,0.0,0.0
2026-07-30 10:03:00+05:30,1281.800048828125,1283.0,1281.800048828125,1283.0,15687,0.0,0.0
2026-07-30 10:04:00+05:30,1283.0,1283.699951171875,1282.5,1282.699951171875,19498,0.0,0.0
2026-07-30 10:05:00+05:30,1282.800048828125,1282.800048828125,1282.699951171875,1282.699951171875,3702,0.0,0.0
2026-07-30 10:06:00+05:30,1282.9000244140625,1282.9000244140625,1282.0,1282.0999755859375,14749,0.0,0.0
2026-07-30 10:07:00+05:30,1282.0,1282.0,1281.5,1281.5999755859375,7634,0.0,0.0
2026-07-30 10:08:00+05:30,1281.4000244140625,1281.699951171875,1281.0,1281.0,8498,0.0,0.0
2026-07-30 10:09:00+05:30,1281.0,1281.0,1280.5999755859375,1280.5999755859375,12101,0.0,0.0
2026-07-30 10:10:00+05:30,1280.699951171875,1280.9000244140625,1280.5999755859375,1280.699951171875,8244,0.0,0.0
2026-07-30 10:11:00+05:30,1280.9000244140625,1281.5999755859375,1280.800048828125,1281.4000244140625,8188,0.0,0.0
2026-07-30 10:12:00+05:30,1281.4000244140625,1281.4000244140625,1281.0,1281.0,2978,0.0,0.0
2026-07-30 10:13:00+05:30,1281.0,1281.0999755859375,1281.0,1281.0,11311,0.0,0.0
2026-07-30 10:14:00+05:30,1280.9000244140625,1281.0,1280.699951171875,1280.800048828125,6328,0.0,0.0
2026-07-30 10:15:00+05:30,1280.800048828125,1280.9000244140625,1280.5999755859375,1280.9000244140625,8546,0.0,0.0
2026-07-30 10:16:00+05:30,1280.699951171875,1280.9000244140625,1280.5999755859375,1280.9000244140625,7990,0.0,0.0
2026-07-30 10:17:00+05:30,1280.800048828125,1281.0999755859375,1280.800048828125,1281.0,15635,0.0,0.0
2026-07-30 10:18:00+05:30,1281.300048828125,1281.300048828125,1280.699951171875,1280.800048828125,12388,0.0,0.0
2026-07-30 10:19:00+05:30,1280.9000244140625,1280.9000244140625,1280.5999755859375,1280.9000244140625,13755,0.0,0.0
2026-07-30 10:20:00+05:30,1280.800048828125,1281.0,1280.800048828125,1281.0,12900,0.0,0.0
2026-07-30 10:21:00+05:30,1280.9000244140625,1281.0999755859375,1280.800048828125,1281.0,12031,0.0,0.0
2026-07-30 10:22:00+05:30,1280.800048828125,1280.800048828125,1280.5,1280.5999755859375,9419,0.0,0.0
2026-07-30 10:23:00+05:30,1280.5,1280.800048828125,1280.5,1280.800048828125,6182,0.0,0.0
2026-07-30 10:24:00+05:30,1280.5,1280.699951171875,1280.5,1280.5,11241,0.0,0.0
2026-07-30 10:25:00+05:30,1280.9000244140625,1280.9000244140625,1280.4000244140625,1280.5,23058,0.0,0.0
2026-07-30 10:26:00+05:30,1280.5,1280.800048828125,1280.5,1280.5,5552,0.0,0.0
2026-07-30 10:27:00+05:30,1281.0999755859375,1281.4000244140625,1281.0999755859375,1281.300048828125,13938,0.0,0.0
2026-07-30 10:28:00+05:30,1281.300048828125,1281.5999755859375,1281.300048828125,1281.5,30704,0.0,0.0
2026-07-30 10:29:00+05:30,1281.5999755859375,1281.5999755859375,1281.0,1281.0,22692,0.0,0.0
2026-07-30 10:30:00+05:30,1281.199951171875,1281.300048828125,1281.0,1281.0999755859375,12446,0.0,0.0
2026-07-30 10:31:00+05:30,1281.0999755859375,1281.5,1281.0,1281.300048828125,10364,0.0,0.0
2026-07-30 10:32:00+05:30,1281.300048828125,1281.300048828125,1281.0,1281.0,4808,0.0,0.0
2026-07-30 10:33:00+05:30,1281.0999755859375,1281.199951171875,1281.0999755859375,1281.199951171875,5648,0.0,0.0
2026-07-30 10:34:00+05:30,1281.199951171875,1281.5,1281.0999755859375,1281.5,8807,0.0,0.0
2026-07-30 10:35:00+05:30,1281.5,1282.0,1281.300048828125,1281.699951171875,46168,0.0,0.0
2026-07-30 10:36:00+05:30,1281.699951171875,1281.800048828125,1281.5,1281.5999755859375,29244,0.0,0.0
2026-07-30 10:37:00+05:30,1281.5999755859375,1281.5999755859375,1281.300048828125,1281.4000244140625,6069,0.0,0.0
2026-07-30 10:38:00+05:30,1281.4000244140625,1281.5,1281.300048828125,1281.5,4701,0.0,0.0
2026-07-30 10:39:00+05:30,1281.4000244140625,1283.800048828125,1281.4000244140625,1283.800048828125,45544,0.0,0.0
2026-07-30 10:40:00+05:30,1283.9000244140625,1284.5,1283.699951171875,1284.5,30012,0.0,0.0
2026-07-30 10:41:00+05:30,1284.5,1284.5,1284.199951171875,1284.5,19592,0.0,0.0
2026-07-30 10:42:00+05:30,1284.4000244140625,1285.199951171875,1284.0999755859375,1284.699951171875,89664,0.0,0.0
2026-07-30 10:43:00+05:30,1284.5999755859375,1286.699951171875,1284.5,1286.0,67037,0.0,0.0
2026-07-30 10:44:00+05:30,1286.0999755859375,1286.0999755859375,1285.0,1285.5,11389,0.0,0.0
2026-07-30 10:45:00+05:30,1285.300048828125,1286.5,1285.199951171875,1285.800048828125,16699,0.0,0.0
2026-07-30 10:46:00+05:30,1285.5999755859375,1285.699951171875,1284.699951171875,1285.5999755859375,13402,0.0,0.0
2026-07-30 10:47:00+05:30,1285.5,1285.9000244140625,1285.0999755859375,1285.5,11362,0.0,0.0
2026-07-30 10:48:00+05:30,1285.4000244140625,1285.699951171875,1285.199951171875,1285.5999755859375,6797,0.0,0.0
2026-07-30 10:49:00+05:30,1285.4000244140625,1285.4000244140625,1284.699951171875,1285.0,7428,0.0,0.0
2026-07-30 10:50:00+05:30,1284.800048828125,1284.9000244140625,1284.699951171875,1284.699951171875,3393,0.0,0.0
2026-07-30 10:51:00+05:30,1284.800048828125,1284.800048828125,1284.5999755859375,1284.699951171875,5127,0.0,0.0
2026-07-30 10:52:00+05:30,1284.5999755859375,1284.9000244140625,1284.5999755859375,1284.9000244140625,7964,0.0,0.0
2026-07-30 10:53:00+05:30,1284.800048828125,1284.800048828125,1284.5999755859375,1284.5999755859375,8334,0.0,0.0
2026-07-30 10:54:00+05:30,1284.699951171875,1285.0,1284.699951171875,1285.0,4157,0.0,0.0
2026-07-30 10:55:00+05:30,1285.0999755859375,1285.5999755859375,1285.0999755859375,1285.300048828125,8652,0.0,0.0
2026-07-30 10:56:00+05:30,1285.5999755859375,1285.800048828125,1285.199951171875,1285.5,8801,0.0,0.0
2026-07-30 10:57:00+05:30,1285.5,1285.9000244140625,1285.5,1285.9000244140625,14263,0.0,0.0
2026-07-30 10:58:00+05:30,1285.800048828125,1286.0,1285.5999755859375,1285.5999755859375,60492,0.0,0.0
2026-07-30 10:59:00+05:30,1285.4000244140625,1285.4000244140625,1284.5,1284.699951171875,20679,0.0,0.0
2026-07-30 11:00:00+05:30,1284.5999755859375,1285.0,1284.0999755859375,1284.699951171875,17241,0.0,0.0
2026-07-30 11:01:00+05:30,1284.9000244140625,1286.0,1284.9000244140625,1286.0,8850,0.0,0.0
2026-07-30 11:02:00+05:30,1285.800048828125,1285.9000244140625,1285.300048828125,1285.5,9388,0.0,0.0
2026-07-30 11:03:00+05:30,1285.5,1285.5,1285.199951171875,1285.300048828125,4556,0.0,0.0
2026-07-30 11:04:00+05:30,1285.5,1285.800048828125,1285.199951171875,1285.199951171875,9259,0.0,0.0
2026-07-30 11:05:00+05:30,1285.199951171875,1285.300048828125,1285.0,1285.0,6569,0.0,0.0
2026-07-30 11:06:00+05:30,1285.0999755859375,1285.199951171875,1284.800048828125,1285.0,10341,0.0,0.0
2026-07-30 11:07:00+05:30,1285.0,1285.4000244140625,1284.800048828125,1285.199951171875,10843,0.0,0.0
2026-07-30 11:08:00+05:30,1285.199951171875,1285.199951171875,1285.0,1285.0,9455,0.0,0.0
2026-07-30 11:09:00+05:30,1285.0999755859375,1285.199951171875,1284.199951171875,1285.199951171875,26390,0.0,0.0
2026-07-30 11:10:00+05:30,1285.4000244140625,1285.9000244140625,1285.300048828125,1285.800048828125,6607,0.0,0.0
2026-07-30 11:11:00+05:30,1285.5999755859375,1286.5,1285.5999755859375,1286.5,21524,0.0,0.0
2026-07-30 11:12:00+05:30,1286.4000244140625,1286.5,1286.0,1286.300048828125,5462,0.0,0.0
2026-07-30 11:13:00+05:30,1286.300048828125,1286.5,1286.0,1286.0,11597,0.0,0.0
2026-07-30 11:14:00+05:30,1285.9000244140625,1286.9000244140625,1285.9000244140625,1285.9000244140625,29035,0.0,0.0
2026-07-30 11:15:00+05:30,1286.0999755859375,1286.0999755859375,1285.300048828125,1285.300048828125,16008,0.0,0.0
2026-07-30 11:16:00+05:30,1285.4000244140625,1286.0,1285.0999755859375,1285.699951171875,6114,0.0,0.0
2026-07-30 11:17:00+05:30,1286.0,1286.0,1285.300048828125,1285.699951171875,16040,0.0,0.0
2026-07-30 11:18:00+05:30,1285.5,1286.199951171875,1285.5,1286.199951171875,33922,0.0,0.0
2026-07-30 11:19:00+05:30,1285.800048828125,1286.300048828125,1285.699951171875,1285.699951171875,30092,0.0,0.0
2026-07-30 11:20:00+05:30,1285.4000244140625,1285.5,1285.0999755859375,1285.4000244140625,39170,0.0,0.0
2026-07-30 11:21:00+05:30,1285.0,1285.699951171875,1285.0,1285.4000244140625,12275,0.0,0.0
2026-07-30 11:22:00+05:30,1285.4000244140625,1285.800048828125,1285.4000244140625,1285.5999755859375,5274,0.0,0.0
2026-07-30 11:23:00+05:30,1285.5,1285.5,1285.199951171875,1285.300048828125,7392,0.0,0.0
2026-07-30 11:24:00+05:30,1285.300048828125,1285.300048828125,1285.0999755859375,1285.199951171875,4437,0.0,0.0
2026-07-30 11:25:00+05:30,1285.0999755859375,1285.300048828125,1285.0999755859375,1285.300048828125,6914,0.0,0.0
2026-07-30 11:26:00+05:30,1285.4000244140625,1286.300048828125,1285.4000244140625,1286.300048828125,7755,0.0,0.0
2026-07-30 11:27:00+05:30,1286.300048828125,1286.5,1286.199951171875,1286.5,5864,0.0,0.0
2026-07-30 11:28:00+05:30,1286.4000244140625,1287.0,1286.4000244140625,1287.0,14054,0.0,0.0
2026-07-30 11:29:00+05:30,1287.0,1287.5,1286.9000244140625,1287.300048828125,25859,0.0,0.0
2026-07-30 11:30:00+05:30,1287.5,1287.800048828125,1287.300048828125,1287.5999755859375,17379,0.0,0.0
2026-07-30 11:31:00+05:30,1287.699951171875,1289.4000244140625,1287.5999755859375,1289.199951171875,57793,0.0,0.0
2026-07-30 11:32:00+05:30,1289.199951171875,1289.4000244140625,1288.9000244140625,1289.0,30158,0.0,0.0
2026-07-30 11:33:00+05:30,1289.0,1291.5,1288.800048828125,1291.199951171875,105330,0.0,0.0
2026-07-30 11:34:00+05:30,1291.0,1291.4000244140625,1290.5999755859375,1291.0,23189,0.0,0.0
2026-07-30 11:35:00+05:30,1291.199951171875,1291.199951171875,1290.4000244140625,1291.0999755859375,44509,0.0,0.0
2026-07-30 11:36:00+05:30,1291.0,1291.0999755859375,1289.5999755859375,1289.800048828125,11489,0.0,0.0
2026-07-30 11:37:00+05:30,1289.9000244140625,1290.0,1288.800048828125,1288.9000244140625,21244,0.0,0.0
2026-07-30 11:38:00+05:30,1288.9000244140625,1290.199951171875,1288.9000244140625,1290.0,21947,0.0,0.0
2026-07-30 11:39:00+05:30,1290.0,1290.9000244140625,1290.0,1290.0,42485,0.0,0.0
2026-07-30 11:40:00+05:30,1290.0999755859375,1290.5,1290.0,1290.4000244140625,11942,0.0,0.0
2026-07-30 11:41:00+05:30,1290.4000244140625,1290.5999755859375,1290.4000244140625,1290.5,18971,0.0,0.0
2026-07-30 11:42:00+05:30,1290.5,1290.5999755859375,1290.300048828125,1290.300048828125,14305,0.0,0.0
2026-07-30 11:43:00+05:30,1290.5,1290.5,1290.300048828125,1290.4000244140625,12403,0.0,0.0
2026-07-30 11:44:00+05:30,1290.5,1290.5,1290.4000244140625,1290.5,8590,0.0,0.0
2026-07-30 11:45:00+05:30,1290.4000244140625,1290.4000244140625,1289.0,1289.300048828125,101347,0.0,0.0
2026-07-30 11:46:00+05:30,1289.300048828125,1289.699951171875,1289.0,1289.5999755859375,19452,0.0,0.0
2026-07-30 11:47:00+05:30,1289.5,1289.699951171875,1289.5,1289.5999755859375,8945,0.0,0.0
2026-07-30 11:48:00+05:30,1289.5999755859375,1289.5999755859375,1289.300048828125,1289.5999755859375,14804,0.0,0.0
2026-07-30 11:49:00+05:30,1289.5999755859375,1290.0,1289.300048828125,1289.5,23532,0.0,0.0
2026-07-30 11:50:00+05:30,1289.4000244140625,1289.5999755859375,1289.4000244140625,1289.5,12917,0.0,0.0
2026-07-30 11:51:00+05:30,1289.5999755859375,1289.5999755859375,1289.5,1289.5999755859375,21798,0.0,0.0
2026-07-30 11:52:00+05:30,1289.5,1289.9000244140625,1289.5,1289.699951171875,5394,0.0,0.0
2026-07-30 11:53:00+05:30,1289.699951171875,1289.699951171875,1289.5999755859375,1289.5999755859375,14964,0.0,0.0
2026-07-30 11:54:00+05:30,1289.5999755859375,1289.9000244140625,1289.5999755859375,1289.5999755859375,8138,0.0,0.0
2026-07-30 11:55:00+05:30,1289.699951171875,1289.9000244140625,1289.5999755859375,1289.699951171875,11203,0.0,0.0
2026-07-30 11:56:00+05:30,1289.699951171875,1289.800048828125,1289.5999755859375,1289.5999755859375,10256,0.0,0.0
2026-07-30 11:57:00+05:30,1289.699951171875,1289.699951171875,1289.5,1289.699951171875,9805,0.0,0.0
2026-07-30 11:58:00+05:30,1289.5,1289.699951171875,1289.5,1289.5,33113,0.0,0.0
2026-07-30 11:59:00+05:30,1289.5999755859375,1289.5999755859375,1289.0999755859375,1289.199951171875,44406,0.0,0.0
2026-07-30 12:00:00+05:30,1289.300048828125,1289.300048828125,1289.0,1289.0,31049,0.0,0.0
2026-07-30 12:01:00+05:30,1288.300048828125,1289.0,1288.300048828125,1288.5999755859375,86404,0.0,0.0
2026-07-30 12:02:00+05:30,1288.5,1289.0,1288.5,1288.5999755859375,6273,0.0,0.0
2026-07-30 12:03:00+05:30,1288.5,1289.0,1288.4000244140625,1289.0,28720,0.0,0.0
2026-07-30 12:04:00+05:30,1289.199951171875,1289.300048828125,1288.800048828125,1289.300048828125,25628,0.0,0.0
2026-07-30 12:05:00+05:30,1289.300048828125,1289.800048828125,1289.300048828125,1289.5999755859375,15760,0.0,0.0
2026-07-30 12:06:00+05:30,1289.699951171875,1290.0,1289.5999755859375,1289.800048828125,5756,0.0,0.0
2026-07-30 12:07:00+05:30,1289.699951171875,1289.800048828125,1289.4000244140625,1289.4000244140625,9704,0.0,0.0
2026-07-30 12:08:00+05:30,1289.5,1290.0,1289.5,1289.5999755859375,13678,0.0,0.0
2026-07-30 12:09:00+05:30,1289.699951171875,1289.800048828125,1289.4000244140625,1289.699951171875,6692,0.0,0.0
2026-07-30 12:10:00+05:30,1289.5999755859375,1289.699951171875,1289.5999755859375,1289.5999755859375,4978,0.0,0.0
2026-07-30 12:11:00+05:30,1289.5999755859375,1289.800048828125,1289.5999755859375,1289.5999755859375,11823,0.0,0.0
2026-07-30 12:12:00+05:30,1289.5999755859375,1289.699951171875,1289.5,1289.5,14620,0.0,0.0
2026-07-30 12:13:00+05:30,1289.5,1289.5999755859375,1289.300048828125,1289.5,18508,0.0,0.0
2026-07-30 12:14:00+05:30,1289.5999755859375,1289.699951171875,1289.5999755859375,1289.5999755859375,5227,0.0,0.0
2026-07-30 12:15:00+05:30,1289.4000244140625,1289.4000244140625,1287.800048828125,1288.5,86900,0.0,0.0
2026-07-30 12:16:00+05:30,1288.9000244140625,1288.9000244140625,1288.199951171875,1288.5999755859375,9401,0.0,0.0
2026-07-30 12:17:00+05:30,1288.5999755859375,1289.699951171875,1288.0999755859375,1289.699951171875,21268,0.0,0.0
2026-07-30 12:18:00+05:30,1289.699951171875,1289.699951171875,1288.699951171875,1289.5,18039,0.0,0.0
2026-07-30 12:19:00+05:30,1289.4000244140625,1289.5,1288.9000244140625,1289.4000244140625,6641,0.0,0.0
2026-07-30 12:20:00+05:30,1289.199951171875,1289.4000244140625,1289.0,1289.0,7020,0.0,0.0
2026-07-30 12:21:00+05:30,1289.0999755859375,1289.4000244140625,1289.0,1289.4000244140625,10118,0.0,0.0
2026-07-30 12:22:00+05:30,1289.199951171875,1289.5999755859375,1289.0999755859375,1289.199951171875,9346,0.0,0.0
2026-07-30 12:23:00+05:30,1289.0999755859375,1289.5999755859375,1289.0999755859375,1289.4000244140625,8809,0.0,0.0
2026-07-30 12:24:00+05:30,1289.5,1289.5,1289.0,1289.0,7688,0.0,0.0
2026-07-30 12:25:00+05:30,1289.0999755859375,1289.5999755859375,1289.0,1289.5999755859375,12196,0.0,0.0
2026-07-30 12:26:00+05:30,1289.9000244140625,1290.0,1289.5,1290.0,18439,0.0,0.0
2026-07-30 12:27:00+05:30,1289.9000244140625,1290.199951171875,1289.9000244140625,1290.199951171875,12244,0.0,0.0
2026-07-30 12:28:00+05:30,1290.199951171875,1290.300048828125,1289.9000244140625,1290.0,11232,0.0,0.0
2026-07-30 12:29:00+05:30,1290.0,1290.0,1289.5,1289.5,10026,0.0,0.0
2026-07-30 12:30:00+05:30,1290.0,1290.300048828125,1290.0,1290.0,12584,0.0,0.0
2026-07-30 12:31:00+05:30,1290.0,1290.199951171875,1290.0,1290.0,12390,0.0,0.0
2026-07-30 12:32:00+05:30,1290.800048828125,1291.300048828125,1290.699951171875,1291.199951171875,27343,0.0,0.0
2026-07-30 12:33:00+05:30,1291.199951171875,1292.9000244140625,1291.0,1292.9000244140625,57222,0.0,0.0
2026-07-30 12:34:00+05:30,1292.800048828125,1292.9000244140625,1291.300048828125,1292.800048828125,51992,0.0,0.0
2026-07-30 12:35:00+05:30,1292.9000244140625,1293.9000244140625,1292.5,1293.9000244140625,69532,0.0,0.0
2026-07-30 12:36:00+05:30,1294.0,1294.0,1293.199951171875,1293.199951171875,35572,0.0,0.0
2026-07-30 12:37:00+05:30,1293.4000244140625,1293.5999755859375,1292.4000244140625,1292.4000244140625,28206,0.0,0.0
2026-07-30 12:38:00+05:30,1292.4000244140625,1292.5999755859375,1291.800048828125,1292.0,16076,0.0,0.0
2026-07-30 12:39:00+05:30,1292.0999755859375,1293.0,1292.0999755859375,1293.0,10816,0.0,0.0
2026-07-30 12:40:00+05:30,1292.9000244140625,1293.5999755859375,1292.9000244140625,1293.5999755859375,13367,0.0,0.0
2026-07-30 12:41:00+05:30,1293.4000244140625,1294.699951171875,1293.0999755859375,1294.699951171875,37047,0.0,0.0
2026-07-30 12:42:00+05:30,1294.0,1296.9000244140625,1294.0,1295.5999755859375,134212,0.0,0.0
2026-07-30 12:43:00+05:30,1295.5999755859375,1296.0999755859375,1294.699951171875,1296.0999755859375,104423,0.0,0.0
2026-07-30 12:44:00+05:30,1296.0999755859375,1296.0999755859375,1294.699951171875,1295.300048828125,22312,0.0,0.0
2026-07-30 12:45:00+05:30,1295.4000244140625,1295.4000244140625,1294.0,1294.300048828125,8309,0.0,0.0
2026-07-30 12:46:00+05:30,1294.4000244140625,1294.9000244140625,1293.9000244140625,1294.5999755859375,58157,0.0,0.0
2026-07-30 12:47:00+05:30,1294.699951171875,1294.699951171875,1293.5,1293.5999755859375,12928,0.0,0.0
2026-07-30 12:48:00+05:30,1293.5999755859375,1293.699951171875,1293.0999755859375,1293.699951171875,8877,0.0,0.0
2026-07-30 12:49:00+05:30,1293.800048828125,1294.300048828125,1293.699951171875,1293.699951171875,49667,0.0,0.0
2026-07-30 12:50:00+05:30,1293.5999755859375,1293.800048828125,1293.0,1293.0,36205,0.0,0.0
2026-07-30 12:51:00+05:30,1293.0,1294.199951171875,1292.5999755859375,1293.5999755859375,49977,0.0,0.0
2026-07-30 12:52:00+05:30,1293.5999755859375,1293.5999755859375,1292.800048828125,1293.300048828125,33496,0.0,0.0
2026-07-30 12:53:00+05:30,1293.0,1294.5,1293.0,1294.199951171875,45516,0.0,0.0
2026-07-30 12:54:00+05:30,1294.4000244140625,1294.9000244140625,1294.199951171875,1294.9000244140625,24442,0.0,0.0
2026-07-30 12:55:00+05:30,1294.9000244140625,1294.9000244140625,1294.199951171875,1294.300048828125,15390,0.0,0.0
2026-07-30 12:56:00+05:30,1294.0999755859375,1294.5,1294.0999755859375,1294.199951171875,10463,0.0,0.0
2026-07-30 12:57:00+05:30,1294.300048828125,1294.800048828125,1294.0999755859375,1294.5,21179,0.0,0.0
2026-07-30 12:58:00+05:30,1294.5,1294.5999755859375,1294.199951171875,1294.5999755859375,27325,0.0,0.0
2026-07-30 12:59:00+05:30,1294.5999755859375,1294.800048828125,1294.300048828125,1294.300048828125,42818,0.0,0.0
2026-07-30 13:00:00+05:30,1294.699951171875,1294.800048828125,1294.0,1294.0,52261,0.0,0.0
2026-07-30 13:01:00+05:30,1294.0999755859375,1294.0999755859375,1293.199951171875,1293.199951171875,41336,0.0,0.0
2026-07-30 13:02:00+05:30,1293.300048828125,1293.300048828125,1290.9000244140625,1291.199951171875,118031,0.0,0.0
2026-07-30 13:03:00+05:30,1290.9000244140625,1291.4000244140625,1290.199951171875,1290.800048828125,47675,0.0,0.0
2026-07-30 13:04:00+05:30,1290.5999755859375,1292.0999755859375,1290.5999755859375,1292.0999755859375,85087,0.0,0.0
2026-07-30 13:05:00+05:30,1291.9000244140625,1292.4000244140625,1291.0999755859375,1292.0999755859375,18860,0.0,0.0
2026-07-30 13:06:00+05:30,1291.9000244140625,1293.9000244140625,1291.9000244140625,1293.5,44953,0.0,0.0
2026-07-30 13:07:00+05:30,1293.9000244140625,1294.5,1293.699951171875,1293.699951171875,115691,0.0,0.0
2026-07-30 13:08:00+05:30,1293.9000244140625,1294.0,1292.800048828125,1293.5,20749,0.0,0.0
2026-07-30 13:09:00+05:30,1293.5999755859375,1294.5,1293.5,1294.4000244140625,35039,0.0,0.0
2026-07-30 13:10:00+05:30,1294.4000244140625,1294.4000244140625,1293.5,1293.5999755859375,72121,0.0,0.0
2026-07-30 13:11:00+05:30,1293.699951171875,1293.9000244140625,1293.199951171875,1293.4000244140625,39356,0.0,0.0
2026-07-30 13:12:00+05:30,1293.199951171875,1293.199951171875,1292.0,1292.0,18155,0.0,0.0
2026-07-30 13:13:00+05:30,1292.0,1292.699951171875,1292.0,1292.199951171875,26719,0.0,0.0
2026-07-30 13:14:00+05:30,1292.300048828125,1292.699951171875,1292.0999755859375,1292.199951171875,9395,0.0,0.0
2026-07-30 13:15:00+05:30,1292.199951171875,1292.4000244140625,1291.699951171875,1292.0999755859375,47959,0.0,0.0
2026-07-30 13:16:00+05:30,1292.0,1292.199951171875,1292.0,1292.0999755859375,7909,0.0,0.0
2026-07-30 13:17:00+05:30,1292.0,1292.300048828125,1292.0,1292.0999755859375,18057,0.0,0.0
2026-07-30 13:18:00+05:30,1292.0,1292.5,1292.0,1292.5,21536,0.0,0.0
2026-07-30 13:19:00+05:30,1291.9000244140625,1291.9000244140625,1291.5999755859375,1291.699951171875,7407,0.0,0.0
2026-07-30 13:20:00+05:30,1291.699951171875,1291.800048828125,1291.4000244140625,1291.5999755859375,5025,0.0,0.0
2026-07-30 13:21:00+05:30,1291.5999755859375,1292.0999755859375,1291.5,1291.9000244140625,9290,0.0,0.0
2026-07-30 13:22:00+05:30,1292.4000244140625,1292.4000244140625,1291.9000244140625,1292.0,20985,0.0,0.0
2026-07-30 13:23:00+05:30,1292.0,1292.4000244140625,1292.0,1292.199951171875,6423,0.0,0.0
2026-07-30 13:24:00+05:30,1292.5,1293.0,1292.5,1292.9000244140625,12841,0.0,0.0
2026-07-30 13:25:00+05:30,1292.9000244140625,1293.9000244140625,1292.800048828125,1293.300048828125,63720,0.0,0.0
2026-07-30 13:26:00+05:30,1293.0,1293.199951171875,1292.5999755859375,1293.199951171875,9187,0.0,0.0
2026-07-30 13:27:00+05:30,1293.0999755859375,1293.199951171875,1292.199951171875,1293.199951171875,17954,0.0,0.0
2026-07-30 13:28:00+05:30,1293.0999755859375,1293.199951171875,1291.5999755859375,1291.9000244140625,67813,0.0,0.0
2026-07-30 13:29:00+05:30,1292.0,1292.699951171875,1291.800048828125,1292.5,9929,0.0,0.0
2026-07-30 13:30:00+05:30,1292.5,1292.5999755859375,1291.699951171875,1291.800048828125,17534,0.0,0.0
2026-07-30 13:31:00+05:30,1292.199951171875,1292.300048828125,1291.5999755859375,1291.5999755859375,5826,0.0,0.0
2026-07-30 13:32:00+05:30,1291.5999755859375,1292.0,1291.5999755859375,1292.0,5701,0.0,0.0
2026-07-30 13:33:00+05:30,1292.0,1292.4000244140625,1291.699951171875,1292.4000244140625,6303,0.0,0.0
2026-07-30 13:34:00+05:30,1291.9000244140625,1292.5,1291.5999755859375,1292.5,22999,0.0,0.0
2026-07-30 13:35:00+05:30,1292.5999755859375,1293.0,1291.800048828125,1292.9000244140625,21334,0.0,0.0
2026-07-30 13:36:00+05:30,1292.9000244140625,1293.699951171875,1292.699951171875,1293.5,102184,0.0,0.0
2026-07-30 13:37:00+05:30,1293.4000244140625,1293.9000244140625,1292.699951171875,1292.800048828125,40885,0.0,0.0
2026-07-30 13:38:00+05:30,1292.800048828125,1293.300048828125,1292.5999755859375,1292.5999755859375,11276,0.0,0.0
2026-07-30 13:39:00+05:30,1292.5,1292.699951171875,1291.4000244140625,1291.9000244140625,26367,0.0,0.0
2026-07-30 13:40:00+05:30,1292.0,1293.300048828125,1292.0,1293.0,33036,0.0,0.0
2026-07-30 13:41:00+05:30,1292.5999755859375,1293.0999755859375,1292.5999755859375,1292.9000244140625,44674,0.0,0.0
2026-07-30 13:42:00+05:30,1292.9000244140625,1293.0,1292.300048828125,1292.5,12789,0.0,0.0
2026-07-30 13:43:00+05:30,1292.5,1292.699951171875,1292.199951171875,1292.300048828125,6504,0.0,0.0
2026-07-30 13:44:00+05:30,1292.300048828125,1292.300048828125,1292.0999755859375,1292.199951171875,6582,0.0,0.0
2026-07-30 13:45:00+05:30,1292.0999755859375,1292.300048828125,1292.0,1292.0,15476,0.0,0.0
2026-07-30 13:46:00+05:30,1292.300048828125,1292.9000244140625,1292.0999755859375,1292.9000244140625,18425,0.0,0.0
2026-07-30 13:47:00+05:30,1292.800048828125,1293.0,1292.5999755859375,1292.9000244140625,12422,0.0,0.0
2026-07-30 13:48:00+05:30,1293.0,1293.0,1292.0,1292.0,20397,0.0,0.0
2026-07-30 13:49:00+05:30,1292.0,1292.0999755859375,1291.800048828125,1291.9000244140625,9116,0.0,0.0
2026-07-30 13:50:00+05:30,1292.0,1292.0,1291.5,1291.5,6961,0.0,0.0
2026-07-30 13:51:00+05:30,1291.4000244140625,1291.5,1291.4000244140625,1291.5,3449,0.0,0.0
2026-07-30 13:52:00+05:30,1291.5,1292.300048828125,1291.5,1292.300048828125,18380,0.0,0.0
2026-07-30 13:53:00+05:30,1292.300048828125,1292.699951171875,1292.199951171875,1292.699951171875,28857,0.0,0.0
2026-07-30 13:54:00+05:30,1292.699951171875,1292.800048828125,1291.699951171875,1292.699951171875,38536,0.0,0.0
2026-07-30 13:55:00+05:30,1292.800048828125,1292.800048828125,1291.9000244140625,1292.0999755859375,26424,0.0,0.0
2026-07-30 13:56:00+05:30,1292.0,1292.0999755859375,1291.800048828125,1291.9000244140625,24188,0.0,0.0
2026-07-30 13:57:00+05:30,1291.800048828125,1291.800048828125,1290.9000244140625,1291.300048828125,13154,0.0,0.0
2026-07-30 13:58:00+05:30,1291.300048828125,1291.300048828125,1290.0999755859375,1290.4000244140625,20866,0.0,0.0
2026-07-30 13:59:00+05:30,1290.5,1291.0999755859375,1290.5,1290.800048828125,5629,0.0,0.0
2026-07-30 14:00:00+05:30,1291.0999755859375,1291.300048828125,1291.0,1291.300048828125,4423,0.0,0.0
2026-07-30 14:01:00+05:30,1291.300048828125,1291.300048828125,1290.800048828125,1290.9000244140625,4873,0.0,0.0
2026-07-30 14:02:00+05:30,1290.9000244140625,1291.0,1290.5999755859375,1290.9000244140625,10111,0.0,0.0
2026-07-30 14:03:00+05:30,1291.0999755859375,1291.0999755859375,1290.5999755859375,1290.5999755859375,7330,0.0,0.0
2026-07-30 14:04:00+05:30,1290.9000244140625,1291.300048828125,1290.9000244140625,1291.0999755859375,15267,0.0,0.0
2026-07-30 14:05:00+05:30,1291.0999755859375,1291.0999755859375,1289.9000244140625,1290.0999755859375,27003,0.0,0.0
2026-07-30 14:06:00+05:30,1290.300048828125,1290.300048828125,1290.0999755859375,1290.199951171875,3239,0.0,0.0
2026-07-30 14:07:00+05:30,1290.199951171875,1290.300048828125,1290.0999755859375,1290.199951171875,6182,0.0,0.0
2026-07-30 14:08:00+05:30,1290.199951171875,1290.800048828125,1290.199951171875,1290.199951171875,29498,0.0,0.0
2026-07-30 14:09:00+05:30,1290.300048828125,1290.4000244140625,1289.699951171875,1290.0999755859375,45573,0.0,0.0
2026-07-30 14:10:00+05:30,1290.199951171875,1290.5,1290.0999755859375,1290.300048828125,27199,0.0,0.0
2026-07-30 14:11:00+05:30,1290.300048828125,1290.800048828125,1290.300048828125,1290.4000244140625,19654,0.0,0.0
2026-07-30 14:12:00+05:30,1290.4000244140625,1290.5999755859375,1290.0,1290.199951171875,24851,0.0,0.0
2026-07-30 14:13:00+05:30,1290.0999755859375,1290.4000244140625,1289.9000244140625,1290.0,17073,0.0,0.0
2026-07-30 14:14:00+05:30,1290.0,1290.4000244140625,1289.9000244140625,1290.0,9580,0.0,0.0
2026-07-30 14:15:00+05:30,1289.9000244140625,1289.9000244140625,1289.800048828125,1289.9000244140625,14453,0.0,0.0
2026-07-30 14:16:00+05:30,1289.800048828125,1289.9000244140625,1288.9000244140625,1289.5999755859375,81067,0.0,0.0
2026-07-30 14:17:00+05:30,1289.699951171875,1291.0999755859375,1289.699951171875,1290.800048828125,52127,0.0,0.0
2026-07-30 14:18:00+05:30,1290.800048828125,1290.9000244140625,1290.300048828125,1290.800048828125,11993,0.0,0.0
2026-07-30 14:19:00+05:30,1290.699951171875,1291.5,1290.5,1291.0999755859375,62387,0.0,0.0
2026-07-30 14:20:00+05:30,1291.0999755859375,1291.300048828125,1289.800048828125,1289.800048828125,30688,0.0,0.0
2026-07-30 14:21:00+05:30,1289.800048828125,1290.199951171875,1289.0999755859375,1289.0999755859375,17424,0.0,0.0
2026-07-30 14:22:00+05:30,1289.0,1289.4000244140625,1288.9000244140625,1289.0999755859375,9063,0.0,0.0
2026-07-30 14:23:00+05:30,1289.0,1290.0,1288.800048828125,1289.300048828125,86827,0.0,0.0
2026-07-30 14:24:00+05:30,1289.4000244140625,1289.9000244140625,1289.4000244140625,1289.699951171875,5807,0.0,0.0
2026-07-30 14:25:00+05:30,1289.5999755859375,1289.5999755859375,1288.699951171875,1289.5999755859375,33665,0.0,0.0
2026-07-30 14:26:00+05:30,1289.5,1290.0999755859375,1289.4000244140625,1289.5999755859375,31064,0.0,0.0
2026-07-30 14:27:00+05:30,1289.699951171875,1290.0,1289.5,1289.9000244140625,12901,0.0,0.0
2026-07-30 14:28:00+05:30,1289.699951171875,1290.0,1289.4000244140625,1289.9000244140625,5590,0.0,0.0
2026-07-30 14:29:00+05:30,1289.800048828125,1289.9000244140625,1289.699951171875,1289.9000244140625,7380,0.0,0.0
2026-07-30 14:30:00+05:30,1289.800048828125,1290.0,1289.5,1289.5,8339,0.0,0.0
2026-07-30 14:31:00+05:30,1289.5,1290.0,1289.5,1289.699951171875,10266,0.0,0.0
2026-07-30 14:32:00+05:30,1289.9000244140625,1289.9000244140625,1289.5999755859375,1289.5999755859375,15238,0.0,0.0
2026-07-30 14:33:00+05:30,1290.199951171875,1290.800048828125,1290.199951171875,1290.300048828125,35243,0.0,0.0
2026-07-30 14:34:00+05:30,1290.4000244140625,1290.4000244140625,1289.9000244140625,1290.0,26958,0.0,0.0
2026-07-30 14:35:00+05:30,1290.0,1290.800048828125,1290.0,1290.699951171875,10520,0.0,0.0
2026-07-30 14:36:00+05:30,1290.5999755859375,1291.0,1290.300048828125,1290.9000244140625,11633,0.0,0.0
2026-07-30 14:37:00+05:30,1291.0,1293.5999755859375,1291.0,1293.300048828125,70619,0.0,0.0
2026-07-30 14:38:00+05:30,1293.5,1293.5,1293.0,1293.0,17134,0.0,0.0
2026-07-30 14:39:00+05:30,1293.199951171875,1293.300048828125,1293.0999755859375,1293.300048828125,12394,0.0,0.0
2026-07-30 14:40:00+05:30,1293.300048828125,1293.4000244140625,1293.0999755859375,1293.4000244140625,16208,0.0,0.0
2026-07-30 14:41:00+05:30,1293.199951171875,1293.199951171875,1292.5,1292.699951171875,23127,0.0,0.0
2026-07-30 14:42:00+05:30,1292.800048828125,1292.800048828125,1292.199951171875,1292.5,44352,0.0,0.0
2026-07-30 14:43:00+05:30,1292.5,1293.0,1292.199951171875,1292.300048828125,35670,0.0,0.0
2026-07-30 14:44:00+05:30,1292.300048828125,1293.0,1292.199951171875,1292.5999755859375,40334,0.0,0.0
2026-07-30 14:45:00+05:30,1292.5999755859375,1292.5999755859375,1292.0999755859375,1292.5,33900,0.0,0.0
2026-07-30 14:46:00+05:30,1292.5999755859375,1293.199951171875,1292.300048828125,1293.199951171875,10762,0.0,0.0
2026-07-30 14:47:00+05:30,1293.199951171875,1293.199951171875,1292.5999755859375,1293.0,10878,0.0,0.0
2026-07-30 14:48:00+05:30,1293.0999755859375,1293.5,1293.0,1293.4000244140625,32967,0.0,0.0
2026-07-30 14:49:00+05:30,1293.9000244140625,1293.9000244140625,1292.5,1292.5,61956,0.0,0.0
2026-07-30 14:50:00+05:30,1292.4000244140625,1292.5999755859375,1292.0,1292.0999755859375,46238,0.0,0.0
2026-07-30 14:51:00+05:30,1292.300048828125,1292.5,1291.800048828125,1291.9000244140625,10286,0.0,0.0
2026-07-30 14:52:00+05:30,1291.800048828125,1292.199951171875,1291.699951171875,1292.0,13097,0.0,0.0
2026-07-30 14:53:00+05:30,1292.0999755859375,1292.0999755859375,1291.0,1291.0,13732,0.0,0.0
2026-07-30 14:54:00+05:30,1291.0999755859375,1291.5,1290.9000244140625,1291.0999755859375,12381,0.0,0.0
2026-07-30 14:55:00+05:30,1291.0,1291.4000244140625,1290.699951171875,1291.0,7294,0.0,0.0
2026-07-30 14:56:00+05:30,1291.0,1291.5,1290.800048828125,1291.5,9520,0.0,0.0
2026-07-30 14:57:00+05:30,1291.5,1291.9000244140625,1291.4000244140625,1291.4000244140625,16129,0.0,0.0
2026-07-30 14:58:00+05:30,1291.4000244140625,1291.4000244140625,1290.800048828125,1291.300048828125,11186,0.0,0.0
2026-07-30 14:59:00+05:30,1291.0,1291.5999755859375,1290.9000244140625,1291.5999755859375,7469,0.0,0.0
2026-07-30 15:00:00+05:30,1291.800048828125,1293.199951171875,1291.300048828125,1291.5999755859375,96825,0.0,0.0
2026-07-30 15:01:00+05:30,1291.4000244140625,1292.699951171875,1291.4000244140625,1292.699951171875,53540,0.0,0.0
2026-07-30 15:02:00+05:30,1292.699951171875,1292.800048828125,1292.199951171875,1292.5,46032,0.0,0.0
2026-07-30 15:03:00+05:30,1292.5999755859375,1292.9000244140625,1292.4000244140625,1292.9000244140625,30885,0.0,0.0
2026-07-30 15:04:00+05:30,1292.800048828125,1293.0,1292.699951171875,1293.0,51175,0.0,0.0
2026-07-30 15:05:00+05:30,1293.0999755859375,1294.5999755859375,1293.0999755859375,1293.5999755859375,265113,0.0,0.0
2026-07-30 15:06:00+05:30,1293.5999755859375,1293.5999755859375,1291.0999755859375,1292.0,346296,0.0,0.0
2026-07-30 15:07:00+05:30,1291.4000244140625,1294.4000244140625,1290.5,1293.699951171875,349042,0.0,0.0
2026-07-30 15:08:00+05:30,1293.5999755859375,1294.5,1293.0,1293.0,139638,0.0,0.0
2026-07-30 15:09:00+05:30,1292.9000244140625,1293.4000244140625,1291.0,1293.300048828125,213841,0.0,0.0
2026-07-30 15:10:00+05:30,1293.300048828125,1294.5999755859375,1292.9000244140625,1292.9000244140625,230004,0.0,0.0
2026-07-30 15:11:00+05:30,1293.199951171875,1293.5,1292.699951171875,1292.800048828125,57651,0.0,0.0
2026-07-30 15:12:00+05:30,1292.800048828125,1293.199951171875,1292.699951171875,1293.0,63470,0.0,0.0
2026-07-30 15:13:00+05:30,1293.0,1293.0,1292.800048828125,1292.9000244140625,30534,0.0,0.0
2026-07-30 15:14:00+05:30,1293.0999755859375,1293.4000244140625,1292.9000244140625,1293.300048828125,49677,0.0,0.0
2026-07-30 15:15:00+05:30,1293.300048828125,1293.5,1293.199951171875,1293.300048828125,49812,0.0,0.0
2026-07-30 15:16:00+05:30,1293.199951171875,1293.5,1293.199951171875,1293.4000244140625,41961,0.0,0.0
2026-07-30 15:17:00+05:30,1293.4000244140625,1293.4000244140625,1293.199951171875,1293.199951171875,35479,0.0,0.0
2026-07-30 15:18:00+05:30,1293.300048828125,1293.300048828125,1293.0,1293.0,101280,0.0,0.0
2026-07-30 15:19:00+05:30,1293.0,1293.0999755859375,1292.5,1292.5999755859375,36516,0.0,0.0
2026-07-30 15:20:00+05:30,1292.5999755859375,1293.0,1292.5,1293.0,52075,0.0,0.0
2026-07-30 15:21:00+05:30,1293.199951171875,1293.300048828125,1291.699951171875,1291.699951171875,171710,0.0,0.0
2026-07-30 15:22:00+05:30,1292.0,1294.5,1292.0,1293.9000244140625,481139,0.0,0.0
2026-07-30 15:23:00+05:30,1293.9000244140625,1295.0,1293.699951171875,1294.5999755859375,231495,0.0,0.0
2026-07-30 15:24:00+05:30,1294.5999755859375,1294.9000244140625,1294.199951171875,1294.5999755859375,124108,0.0,0.0
2026-07-30 15:25:00+05:30,1294.9000244140625,1294.9000244140625,1294.0999755859375,1294.0999755859375,80499,0.0,0.0
2026-07-30 15:26:00+05:30,1294.0999755859375,1294.5999755859375,1293.800048828125,1294.4000244140625,134992,0.0,0.0
2026-07-30 15:27:00+05:30,1294.300048828125,1294.5,1294.0,1294.5,163523,0.0,0.0
2026-07-30 15:28:00+05:30,1294.5,1294.5999755859375,1289.300048828125,1291.5,229326,0.0,0.0
2026-07-30 15:29:00+05:30,1291.5,1292.9000244140625,1288.199951171875,1292.9000244140625,378658,0.0,0.0
2026-07-31 09:15:00+05:30,1295.9000244140625,1299.0999755859375,1295.9000244140625,1297.0,0,0.0,0.0
2026-07-31 09:16:00+05:30,1297.0,1298.199951171875,1296.199951171875,1297.5999755859375,57446,0.0,0.0
2026-07-31 09:17:00+05:30,1297.199951171875,1297.800048828125,1296.0999755859375,1296.0999755859375,34059,0.0,0.0
2026-07-31 09:18:00+05:30,1296.5,1296.800048828125,1296.300048828125,1296.300048828125,27895,0.0,0.0
2026-07-31 09:19:00+05:30,1296.300048828125,1297.5,1296.0,1296.199951171875,32190,0.0,0.0
2026-07-31 09:20:00+05:30,1296.699951171875,1298.800048828125,1296.699951171875,1298.800048828125,26992,0.0,0.0
2026-07-31 09:21:00+05:30,1298.800048828125,1298.9000244140625,1297.5,1297.5,18959,0.0,0.0
2026-07-31 09:22:00+05:30,1297.5,1298.0,1297.5,1298.0,10739,0.0,0.0
2026-07-31 09:23:00+05:30,1298.5,1298.699951171875,1298.0,1298.5999755859375,13765,0.0,0.0
2026-07-31 09:24:00+05:30,1298.699951171875,1298.699951171875,1297.9000244140625,1298.199951171875,18268,0.0,0.0
2026-07-31 09:25:00+05:30,1298.5,1298.699951171875,1298.199951171875,1298.699951171875,11182,0.0,0.0
2026-07-31 09:26:00+05:30,1298.699951171875,1299.5,1298.5,1299.5,28906,0.0,0.0
2026-07-31 09:27:00+05:30,1299.5,1300.699951171875,1299.5,1300.199951171875,50344,0.0,0.0
2026-07-31 09:28:00+05:30,1300.0999755859375,1300.0999755859375,1298.699951171875,1298.699951171875,20766,0.0,0.0
2026-07-31 09:29:00+05:30,1298.699951171875,1298.699951171875,1297.300048828125,1297.300048828125,15571,0.0,0.0
2026-07-31 09:30:00+05:30,1297.699951171875,1297.699951171875,1296.0,1296.0,23549,0.0,0.0
2026-07-31 09:31:00+05:30,1296.0,1296.4000244140625,1296.0,1296.0,10185,0.0,0.0
2026-07-31 09:32:00+05:30,1296.199951171875,1296.199951171875,1295.0,1295.0,34441,0.0,0.0
2026-07-31 09:33:00+05:30,1295.0,1295.4000244140625,1294.5,1294.5999755859375,13449,0.0,0.0
2026-07-31 09:34:00+05:30,1295.0,1295.0,1294.0999755859375,1294.199951171875,17982,0.0,0.0
2026-07-31 09:35:00+05:30,1294.300048828125,1294.5999755859375,1294.199951171875,1294.5999755859375,7335,0.0,0.0
2026-07-31 09:36:00+05:30,1294.300048828125,1294.300048828125,1293.800048828125,1294.0,17028,0.0,0.0
2026-07-31 09:37:00+05:30,1294.199951171875,1294.699951171875,1294.199951171875,1294.699951171875,21511,0.0,0.0
2026-07-31 09:38:00+05:30,1294.699951171875,1295.300048828125,1294.300048828125,1295.199951171875,11008,0.0,0.0
2026-07-31 09:39:00+05:30,1295.199951171875,1296.5999755859375,1295.199951171875,1296.5,22642,0.0,0.0
2026-07-31 09:40:00+05:30,1296.4000244140625,1296.800048828125,1296.0999755859375,1296.800048828125,18243,0.0,0.0
2026-07-31 09:41:00+05:30,1296.800048828125,1296.800048828125,1295.0,1295.800048828125,33661,0.0,0.0
2026-07-31 09:42:00+05:30,1295.800048828125,1295.800048828125,1295.5,1295.5999755859375,5016,0.0,0.0
2026-07-31 09:43:00+05:30,1295.800048828125,1296.5999755859375,1295.800048828125,1296.0999755859375,7273,0.0,0.0
2026-07-31 09:44:00+05:30,1296.300048828125,1298.199951171875,1296.300048828125,1298.0,18749,0.0,0.0
2026-07-31 09:45:00+05:30,1298.0,1298.0,1297.199951171875,1297.800048828125,30218,0.0,0.0
2026-07-31 09:46:00+05:30,1297.5,1297.800048828125,1297.300048828125,1297.800048828125,20794,0.0,0.0
2026-07-31 09:47:00+05:30,1297.800048828125,1298.199951171875,1297.800048828125,1298.199951171875,10949,0.0,0.0
2026-07-31 09:48:00+05:30,1298.0999755859375,1298.800048828125,1298.0999755859375,1298.5999755859375,9113,0.0,0.0
2026-07-31 09:49:00+05:30,1298.5999755859375,1299.0,1298.5999755859375,1299.0,20142,0.0,0.0
2026-07-31 09:50:00+05:30,1298.5,1298.5,1298.5,1298.5,0,0.0,0.0
